stage,run_id,arm,trust,memory,controller,core,sampling_seed,prompt_variant,source,note,arm_key,config_key,eval_rows,first_return_date,last_return_date,net_compounded_return_pct,cumulative_net_log_return,mean_daily_net_log_return_bps,annualized_volatility_pct,annualized_sharpe_rf_zero,annualized_sortino_threshold_zero,net_cagr_pct,maximum_drawdown_pct,expected_shortfall_95_daily_loss_pct,mean_btc_exposure_pct,turnover_sum,cost_fraction_sum_pct,full_period_rows,accounting_max_abs_error
6.1,20260907T012534Z,stage61_continuous,adaptive,expanding,on,original,16061,frozen_llama_role,/home/infonet/wahid/leader_router_fresh/EXPERIMENT_BRANCHES/RAMAS_STAGE6_1_LLAMA70B_CONTINUOUS_MEMORY_AGENT_EXPERT_V1/artifacts/20260907T012534Z/continuous_2021_2025/03_DAILY_TRACE.csv,,6.1:stage61_continuous,trust=adaptive|memory=expanding|controller=on|core=original,1244,2022-01-01,2025-05-28,69.686956339534717,0.52878512024278601,4.2506842463246466,24.3823936311111,0.75856817786180042,1.1284139603757215,16.795720256715892,37.086594603711482,2.9215864285022279,44.983922829582006,11.520485531840041,1.1520485531840041,1608,2.2204460492503131e-16
6.2,20260908T055052711433762Z,adaptive_memory,adaptive,expanding,on,original,16061,frozen_llama_role,/home/infonet/wahid/leader_router_fresh/EXPERIMENT_BRANCHES/RAMAS_STAGE6_2_LLAMA70B_MATCHED_MEMORY_ABLATION_V1/artifacts/20260908T055052711433762Z/03_DAILY_TRACE.csv,,6.2:adaptive_memory,trust=adaptive|memory=expanding|controller=on|core=original,1244,2022-01-01,2025-05-28,67.730394132337906,0.51718770751810028,4.1574574559332822,24.353996199385357,0.74518912918329261,1.1068927101781472,16.398694496199766,37.086594603711482,2.9232989664381894,44.883440514469456,11.380187421674508,1.138018742167451,1608,2.2204460492503131e-16
6.2,20260908T055052711433762Z,adaptive_no_memory,adaptive,none,on,original,16061,frozen_llama_role,/home/infonet/wahid/leader_router_fresh/EXPERIMENT_BRANCHES/RAMAS_STAGE6_2_LLAMA70B_MATCHED_MEMORY_ABLATION_V1/artifacts/20260908T055052711433762Z/03_DAILY_TRACE.csv,,6.2:adaptive_no_memory,trust=adaptive|memory=none|controller=on|core=original,1244,2022-01-01,2025-05-28,67.765485042714104,0.51739689584309823,4.1591390341085068,24.374338134404564,0.745022618564671,1.1066067428073838,16.405843881998052,37.086594603711482,2.9233237709842825,44.939710610932472,11.375047849137351,1.1375047849137352,1608,2.2204460492503131e-16
6.3,20260909T013716356200839Z,fixed_memory,fixed,expanding,on,original,16061,frozen_llama_role,/home/infonet/wahid/leader_router_fresh/EXPERIMENT_BRANCHES/RAMAS_STAGE6_3_LLAMA70B_FIXED_TRUST_MEMORY_ABLATION_V1/artifacts/20260909T013716356200839Z/03_DAILY_TRACE.csv,,6.3:fixed_memory,trust=fixed|memory=expanding|controller=on|core=original,1244,2022-01-01,2025-05-28,68.624681620102194,0.52250524044376712,4.2002028974579346,23.925889706027125,0.76073505207190306,1.132122526776252,16.580567069854656,36.253333512241234,2.8572428482208245,44.457395498392287,11.094296837936238,1.1094296837936237,1608,2.2204460492503131e-16
6.3,20260909T013716356200839Z,fixed_no_memory,fixed,none,on,original,16061,frozen_llama_role,/home/infonet/wahid/leader_router_fresh/EXPERIMENT_BRANCHES/RAMAS_STAGE6_3_LLAMA70B_FIXED_TRUST_MEMORY_ABLATION_V1/artifacts/20260909T013716356200839Z/03_DAILY_TRACE.csv,,6.3:fixed_no_memory,trust=fixed|memory=none|controller=on|core=original,1244,2022-01-01,2025-05-28,67.852057222523186,0.51791279367814502,4.1632861228146707,23.958578218379458,0.75439512837477951,1.1220894465081284,16.42347749175913,36.253333512241234,2.8619108658465677,44.509646302250808,10.406163859997374,1.0406163859997375,1608,2.2204460492503131e-16
6.4,20260909T114202240674964Z,llama_frozen_W,adaptive,expanding,on,frozen_W,16061,frozen_llama_role,/home/infonet/wahid/leader_router_fresh/EXPERIMENT_BRANCHES/RAMAS_STAGE6_4_COMPONENT_SUITE_V1/artifacts/20260909T114202240674964Z/arms/llama_frozen_W/DAILY_LEDGER.csv,,6.4:llama_frozen_W,trust=adaptive|memory=expanding|controller=on|core=frozen_W,1244,2022-01-01,2025-05-28,77.384235058107748,0.57314801329876053,4.6072991422729945,26.781618874051173,0.76214412450949676,1.1331444408364624,18.326977389058261,39.702871359078109,3.1969629456444015,49.59807073954984,8.8390796451421796,0.88390796451421794,1608,2.211772431870429e-16
6.4,20260909T114202240674964Z,llama_hard_allocator,adaptive,expanding,on,hard_allocator,16061,frozen_llama_role,/home/infonet/wahid/leader_router_fresh/EXPERIMENT_BRANCHES/RAMAS_STAGE6_4_COMPONENT_SUITE_V1/artifacts/20260909T114202240674964Z/arms/llama_hard_allocator/DAILY_LEDGER.csv,,6.4:llama_hard_allocator,trust=adaptive|memory=expanding|controller=on|core=hard_allocator,1244,2022-01-01,2025-05-28,67.717491634756215,0.51711078053101522,4.156839071792727,24.389890278662346,0.74435316657736139,1.1060749988585481,16.396065489019211,36.901861830080939,2.9224763394173605,44.975884244372985,11.492783616428174,1.1492783616428175,1608,2.2204460492503131e-16
6.4,20260909T114202240674964Z,llama_memory_current_year,adaptive,current_year,on,original,16061,frozen_llama_role,/home/infonet/wahid/leader_router_fresh/EXPERIMENT_BRANCHES/RAMAS_STAGE6_4_COMPONENT_SUITE_V1/artifacts/20260909T114202240674964Z/arms/llama_memory_current_year/DAILY_LEDGER.csv,,6.4:llama_memory_current_year,trust=adaptive|memory=current_year|controller=on|core=original,1244,2022-01-01,2025-05-28,68.442770582149024,0.52142586565141658,4.1915262512171756,24.327590328802135,0.75084539067563849,1.1160832777181284,16.543626851026968,37.086594603711482,2.9167740430219706,44.855305466237944,11.683908863062001,1.1683908863062005,1608,2.2204460492503131e-16
6.4,20260909T114202240674964Z,llama_memory_frozen2021,adaptive,frozen2021,on,original,16061,frozen_llama_role,/home/infonet/wahid/leader_router_fresh/EXPERIMENT_BRANCHES/RAMAS_STAGE6_4_COMPONENT_SUITE_V1/artifacts/20260909T114202240674964Z/arms/llama_memory_frozen2021/DAILY_LEDGER.csv,,6.4:llama_memory_frozen2021,trust=adaptive|memory=frozen2021|controller=on|core=original,1244,2022-01-01,2025-05-28,69.902508459309999,0.5300546069087021,4.2608891230603065,24.373461074242257,0.76028763005856881,1.1309404234566365,16.839262004475049,37.086594603711482,2.9219414359426463,44.963826366559488,11.615378755320355,1.1615378755320356,1608,2.2204460492503131e-16
6.4,20260909T114202240674964Z,llama_memory_pooled,adaptive,pooled,on,original,16061,frozen_llama_role,/home/infonet/wahid/leader_router_fresh/EXPERIMENT_BRANCHES/RAMAS_STAGE6_4_COMPONENT_SUITE_V1/artifacts/20260909T114202240674964Z/arms/llama_memory_pooled/DAILY_LEDGER.csv,,6.4:llama_memory_pooled,trust=adaptive|memory=pooled|controller=on|core=original,1244,2022-01-01,2025-05-28,68.563243630983322,0.52214082650603177,4.197273524968101,24.342973619768173,0.75139044772921437,1.1167121925163455,16.568094160870551,37.086594603711482,2.9185539074109172,44.867363344051455,11.292923908745035,1.1292923908745036,1608,2.2204460492503131e-16
6.4,20260909T114202240674964Z,llama_no_risk,adaptive,expanding,off,original,16061,frozen_llama_role,/home/infonet/wahid/leader_router_fresh/EXPERIMENT_BRANCHES/RAMAS_STAGE6_4_COMPONENT_SUITE_V1/artifacts/20260909T114202240674964Z/arms/llama_no_risk/DAILY_LEDGER.csv,,6.4:llama_no_risk,trust=adaptive|memory=expanding|controller=off|core=original,1244,2022-01-01,2025-05-28,66.388059036742959,0.50915257922760537,4.0928663925048658,24.264554999707453,0.73732456375158129,1.0940655446476941,16.124411693698438,36.6127061949473,2.9090199785126747,44.95281024539949,10.410478662614489,1.0410478662614489,1608,2.1684043449710089e-16
6.4,20260909T114202240674964Z,llama_uniform_allocator,adaptive,expanding,on,uniform_allocator,16061,frozen_llama_role,/home/infonet/wahid/leader_router_fresh/EXPERIMENT_BRANCHES/RAMAS_STAGE6_4_COMPONENT_SUITE_V1/artifacts/20260909T114202240674964Z/arms/llama_uniform_allocator/DAILY_LEDGER.csv,,6.4:llama_uniform_allocator,trust=adaptive|memory=expanding|controller=on|core=uniform_allocator,1244,2022-01-01,2025-05-28,68.474986420801216,0.52161710424351071,4.1930635389349735,24.068465160780985,0.7565665778734797,1.125192818332551,16.550170893418858,36.36135114531907,2.8824455341099577,44.212218649517695,10.352837249860992,1.0352837249860993,1608,2.2204460492503131e-16
7,20260911T053155161422662Z,closed_loop_memory,fixed,expanding,on,original,16061,frozen_llama_role,/home/infonet/wahid/leader_router_fresh/EXPERIMENT_BRANCHES/RAMAS_STAGE7_SEQUENTIAL_MEMORY_VALIDATION_V1/artifacts/20260911T053155161422662Z/closed_loop/closed_loop_memory/DAILY_LEDGER.csv,,7:closed_loop_memory,trust=fixed|memory=expanding|controller=on|core=original,1244,2022-01-01,2025-05-28,68.99071598278293,0.52467359241288025,4.2176333795247611,23.927865811709776,0.7633530154415783,1.1362903733947267,16.654811527693358,36.253333512241234,2.8571088291114077,44.465434083601295,10.947990406796231,1.0947990406796231,1608,2.2204460492503131e-16
7,20260911T053155161422662Z,closed_loop_no_memory,fixed,none,on,original,16061,frozen_llama_role,/home/infonet/wahid/leader_router_fresh/EXPERIMENT_BRANCHES/RAMAS_STAGE7_SEQUENTIAL_MEMORY_VALIDATION_V1/artifacts/20260911T053155161422662Z/closed_loop/closed_loop_no_memory/DAILY_LEDGER.csv,,7:closed_loop_no_memory,trust=fixed|memory=none|controller=on|core=original,1244,2022-01-01,2025-05-28,67.852057222523186,0.51791279367814502,4.1632861228146707,23.958578218379458,0.75439512837477951,1.1220894465081284,16.42347749175913,36.253333512241234,2.8619108658465677,44.509646302250808,10.406163859997374,1.0406163859997375,1608,2.2204460492503131e-16
7,20260911T053155161422662Z,state_controlled_memory,fixed,expanding,on,original,16061,frozen_llama_role,/home/infonet/wahid/leader_router_fresh/EXPERIMENT_BRANCHES/RAMAS_STAGE7_SEQUENTIAL_MEMORY_VALIDATION_V1/artifacts/20260911T053155161422662Z/state_controlled/state_controlled_memory/DAILY_LEDGER.csv,state-controlled replay,7:state_controlled_memory,trust=fixed|memory=expanding|controller=on|core=original,1244,2022-01-01,2025-05-28,63.749046632435757,0.49316486641832613,3.9643478007904029,23.81920214141611,0.72690161575362744,1.0795886745513188,15.580584665489546,36.344350421540796,2.8518079333237791,44.284565916398719,22.61499392738768,2.2614993927387679,1608,2.2204460492503131e-16
7,20260911T053155161422662Z,state_controlled_no_memory,fixed,none,on,original,16061,frozen_llama_role,/home/infonet/wahid/leader_router_fresh/EXPERIMENT_BRANCHES/RAMAS_STAGE7_SEQUENTIAL_MEMORY_VALIDATION_V1/artifacts/20260911T053155161422662Z/state_controlled/state_controlled_no_memory/DAILY_LEDGER.csv,state-controlled replay,7:state_controlled_no_memory,trust=fixed|memory=none|controller=on|core=original,1244,2022-01-01,2025-05-28,65.953753616219331,0.50653897088092648,4.0718566791071256,23.950959925269267,0.74061143560544562,1.1011037432541857,16.035334350432564,36.344350421540796,2.8633581896757332,44.4935691318328,24.986638592303727,2.4986638592303727,1608,2.2204460492503131e-16
ISO,20260920T084300Z,llm_adaptive_memory_controller_off,adaptive,expanding,off,original,42,model_neutralized_frozen_v1,/home/infonet/wahid/leader_router_fresh/EXPERIMENT_BRANCHES/RAMAS_FULL_PIPELINE_ISOLATION_V1/artifacts/20260920T084300Z/cells/llama3.3_70b__seed_42/arms/llm_adaptive_memory_controller_off/DAILY_LEDGER.csv,,ISO:llm_adaptive_memory_controller_off,trust=adaptive|memory=expanding|controller=off|core=original,1244,2022-01-01,2025-05-28,65.988333654254632,0.5067473207075166,4.0735315169414523,24.277563326240113,0.73414555340763898,1.0892698926339739,16.042432849494634,36.6127061949473,2.9121769533702966,44.893991400489583,9.9764184302196437,0.99764184302196435,1608,2.1684043449710089e-16
ISO,20260920T084300Z,llm_adaptive_memory_controller_on,adaptive,expanding,on,original,42,model_neutralized_frozen_v1,/home/infonet/wahid/leader_router_fresh/EXPERIMENT_BRANCHES/RAMAS_FULL_PIPELINE_ISOLATION_V1/artifacts/20260920T084300Z/cells/llama3.3_70b__seed_42/arms/llm_adaptive_memory_controller_on/DAILY_LEDGER.csv,,ISO:llm_adaptive_memory_controller_on,trust=adaptive|memory=expanding|controller=on|core=original,1244,2022-01-01,2025-05-28,69.615579848744574,0.52836439546633807,4.2473022143596308,24.359346456399539,0.75855140033742563,1.1280519195893774,16.781293522256846,37.086594603711482,2.9184278026547412,44.903536977491967,10.920570814773882,1.0920570814773882,1608,2.2204460492503131e-16
ISO,20260920T084300Z,llm_adaptive_no_memory_controller_off,adaptive,none,off,original,42,model_neutralized_frozen_v1,/home/infonet/wahid/leader_router_fresh/EXPERIMENT_BRANCHES/RAMAS_FULL_PIPELINE_ISOLATION_V1/artifacts/20260920T084300Z/cells/llama3.3_70b__seed_42/arms/llm_adaptive_no_memory_controller_off/DAILY_LEDGER.csv,,ISO:llm_adaptive_no_memory_controller_off,trust=adaptive|memory=none|controller=off|core=original,1244,2022-01-01,2025-05-28,66.141010019150386,0.50766669972992617,4.0809220235524606,24.389366357220258,0.73299758953701644,1.0878102258170543,16.073761369396873,36.542172919070659,2.9251151788953464,45.107651697078104,10.072282805735956,1.0072282805735955,1608,2.2204460492503131e-16
ISO,20260920T084300Z,llm_adaptive_no_memory_controller_on,adaptive,none,on,original,42,model_neutralized_frozen_v1,/home/infonet/wahid/leader_router_fresh/EXPERIMENT_BRANCHES/RAMAS_FULL_PIPELINE_ISOLATION_V1/artifacts/20260920T084300Z/cells/llama3.3_70b__seed_42/arms/llm_adaptive_no_memory_controller_on/DAILY_LEDGER.csv,,ISO:llm_adaptive_no_memory_controller_on,trust=adaptive|memory=none|controller=on|core=original,1244,2022-01-01,2025-05-28,68.911260925072085,0.52420330774688129,4.213852956164641,24.396208287447617,0.75276338388853103,1.1190824247064985,16.638704947630785,37.086594603711482,2.92660945356839,45.020096463022504,11.35762599197483,1.1357625991974829,1608,2.2204460492503131e-16
ISO,20260920T084300Z,llm_fixed_memory_controller_off,fixed,expanding,off,original,42,model_neutralized_frozen_v1,/home/infonet/wahid/leader_router_fresh/EXPERIMENT_BRANCHES/RAMAS_FULL_PIPELINE_ISOLATION_V1/artifacts/20260920T084300Z/cells/llama3.3_70b__seed_42/arms/llm_fixed_memory_controller_off/DAILY_LEDGER.csv,,ISO:llm_fixed_memory_controller_off,trust=fixed|memory=expanding|controller=off|core=original,1244,2022-01-01,2025-05-28,63.983603125478417,0.49459625589547473,3.9758541470697324,23.755345471881697,0.73001356413135376,1.0816411530230738,15.629169845366892,36.085036481718781,2.8493672555005514,44.312995733628732,8.9748227057320271,0.89748227057320273,1608,2.2204460492503131e-16
ISO,20260920T084300Z,llm_fixed_memory_controller_on,fixed,expanding,on,original,42,model_neutralized_frozen_v1,/home/infonet/wahid/leader_router_fresh/EXPERIMENT_BRANCHES/RAMAS_FULL_PIPELINE_ISOLATION_V1/artifacts/20260920T084300Z/cells/llama3.3_70b__seed_42/arms/llm_fixed_memory_controller_on/DAILY_LEDGER.csv,,ISO:llm_fixed_memory_controller_on,trust=fixed|memory=expanding|controller=on|core=original,1244,2022-01-01,2025-05-28,68.307151195622069,0.52062040507020479,4.1850514877026113,23.926737268553548,0.75840262319381579,1.1285662837236194,16.516068621538704,36.253333512241234,2.8571088291114077,44.461414790996784,10.981380113061757,1.0981380113061756,1608,2.2204460492503131e-16
ISO,20260920T084300Z,llm_fixed_no_memory_controller_off,fixed,none,off,original,42,model_neutralized_frozen_v1,/home/infonet/wahid/leader_router_fresh/EXPERIMENT_BRANCHES/RAMAS_FULL_PIPELINE_ISOLATION_V1/artifacts/20260920T084300Z/cells/llama3.3_70b__seed_42/arms/llm_fixed_no_memory_controller_off/DAILY_LEDGER.csv,,ISO:llm_fixed_no_memory_controller_off,trust=fixed|memory=none|controller=off|core=original,1244,2022-01-01,2025-05-28,64.215683046579016,0.49601051832419674,3.9872228161109065,23.788093955879049,0.73107731753181937,1.0836486831661944,15.677193745525312,36.052310262357388,2.8520198207150438,44.368454454601505,8.5984216839676311,0.85984216839676308,1608,2.2204460492503131e-16
ISO,20260920T084300Z,llm_fixed_no_memory_controller_on,fixed,none,on,original,42,model_neutralized_frozen_v1,/home/infonet/wahid/leader_router_fresh/EXPERIMENT_BRANCHES/RAMAS_FULL_PIPELINE_ISOLATION_V1/artifacts/20260920T084300Z/cells/llama3.3_70b__seed_42/arms/llm_fixed_no_memory_controller_on/DAILY_LEDGER.csv,,ISO:llm_fixed_no_memory_controller_on,trust=fixed|memory=none|controller=on|core=original,1244,2022-01-01,2025-05-28,68.076816362427422,0.5192509291652414,4.1740428389488855,23.955796705788714,0.75609542714958045,1.1247558536560922,16.469227988866816,36.253333512241234,2.8619108658465677,44.501607717041814,10.606075190168633,1.0606075190168633,1608,2.2204460492503131e-16
