arm,scope,period,observations,first_return_date,last_return_date,calendar_days,is_conditional_noncontiguous_selection,net_compounded_return_after_trading_costs,cumulative_net_log_return_after_trading_costs,conditional_log_growth_contribution,mean_daily_net_log_return_bps,mean_daily_net_simple_return_after_trading_costs,daily_net_return_volatility,annualized_net_return_volatility,net_cagr_after_trading_costs,annualized_sharpe_rf_zero,downside_rms_zero_threshold,annualized_sortino_threshold_zero,maximum_drawdown,calmar,expected_shortfall_95_daily_loss,turnover_sum,mean_daily_turnover,trading_days_with_nonzero_turnover,cost_fraction_sum_not_compounded_drag,mean_daily_cost_fraction,mean_btc_exposure,annualization_status,cagr_status,drawdown_status,trading_cost_sum_per_full_run_initial_unit
adaptive_memory,YEAR,2021,364,2021-01-02,2021-12-31,364,False,0.2895437557478025,0.25428847809998512,,6.9859472005490417,0.00087994713890956013,0.019061983447924452,0.36430337980439798,,0.88223362808021022,0.01291494731127329,1.3021441288411495,0.27318749422616673,,0.041536724851708055,4.1751293311038271,0.011470135525010514,364,0.0041751293311038272,1.1470135525010514e-05,0.45247252747252759,365_25_CALENDAR_DAYS_PER_YEAR,NOT_APPLICABLE_REQUIRES_365_CALENDAR_DAYS_AND_CONTIGUOUS_DAILY_RECORDS,RESET_REPORTING_HIGH_WATER_MARK_TO_GROUP_INITIAL_WEALTH_NOT_PORTFOLIO_STATE,0.0052155779155557951
adaptive_memory,YEAR,2022,365,2022-01-01,2022-12-31,365,False,-0.34576364982891095,-0.42428660111227667,,-11.624290441432239,-0.0010585210078618286,0.014345853712151061,0.27417099630758285,-0.34595374803940626,-1.410159365244426,0.011090516443794596,-1.8240755574493968,0.37086594603711481,-0.93282694659914811,0.038683247891432959,3.3723838141544618,0.0092394077100122242,365,0.0033723838141544614,9.2394077100122229e-06,0.41520547945205483,365_25_CALENDAR_DAYS_PER_YEAR,REPORTED,RESET_REPORTING_HIGH_WATER_MARK_TO_GROUP_INITIAL_WEALTH_NOT_PORTFOLIO_STATE,0.0034226178499384701
adaptive_memory,YEAR,2023,365,2023-01-01,2023-12-31,365,False,0.59283377892863498,0.4655146808060594,,12.753826871398889,0.0013343120887020833,0.010837761707292937,0.20712604384888392,0.59334172805930696,2.3529512819450393,0.006123717990040003,4.1642553337801882,0.093718692041957194,6.3310927108721504,0.020932066411443576,2.4706555683148128,0.0067689193652460625,365,0.0024706555683148132,6.7689193652460634e-06,0.46246575342465757,365_25_CALENDAR_DAYS_PER_YEAR,REPORTED,RESET_REPORTING_HIGH_WATER_MARK_TO_GROUP_INITIAL_WEALTH_NOT_PORTFOLIO_STATE,0.0026429208233655832
adaptive_memory,YEAR,2024,366,2024-01-01,2024-12-31,366,False,0.50732168842530778,0.41033435965493475,,11.211321302047397,0.0012090362126272157,0.013264781202494179,0.25351006298143902,0.50605479105312212,1.7419445660996216,0.0081987758283283679,2.8182882444898216,0.1253210595036609,4.0380666510271492,0.026994333645129837,3.6701764776333183,0.010027804583697592,366,0.0036701764776333181,1.002780458369759e-05,0.46994535519125685,365_25_CALENDAR_DAYS_PER_YEAR,REPORTED,RESET_REPORTING_HIGH_WATER_MARK_TO_GROUP_INITIAL_WEALTH_NOT_PORTFOLIO_STATE,0.0063448655735889575
adaptive_memory,YEAR,2025,148,2025-01-01,2025-05-28,148,False,0.067826493605692595,0.065625268169382772,,4.434139741174512,0.00050635547878762988,0.011258165836684072,0.21516060361226425,,0.85957343269248843,0.0075213286220828434,1.2866370744189028,0.13037521345149158,,0.024610116547558361,1.8669715615719165,0.01261467271332376,148,0.0018669715615719164,1.261467271332376e-05,0.44594594594594594,365_25_CALENDAR_DAYS_PER_YEAR,NOT_APPLICABLE_REQUIRES_365_CALENDAR_DAYS_AND_CONTIGUOUS_DAILY_RECORDS,RESET_REPORTING_HIGH_WATER_MARK_TO_GROUP_INITIAL_WEALTH_NOT_PORTFOLIO_STATE,0.0038239657556941821
adaptive_no_memory,YEAR,2021,364,2021-01-02,2021-12-31,364,False,0.2895437557478025,0.25428847809998512,,6.9859472005490417,0.00087994713890956013,0.019061983447924452,0.36430337980439798,,0.88223362808021022,0.01291494731127329,1.3021441288411495,0.27318749422616673,,0.041536724851708055,4.1751293311038271,0.011470135525010514,364,0.0041751293311038272,1.1470135525010514e-05,0.45247252747252759,365_25_CALENDAR_DAYS_PER_YEAR,NOT_APPLICABLE_REQUIRES_365_CALENDAR_DAYS_AND_CONTIGUOUS_DAILY_RECORDS,RESET_REPORTING_HIGH_WATER_MARK_TO_GROUP_INITIAL_WEALTH_NOT_PORTFOLIO_STATE,0.0052155779155557951
adaptive_no_memory,YEAR,2022,365,2022-01-01,2022-12-31,365,False,-0.34576364982891095,-0.42428660111227667,,-11.624290441432239,-0.0010585210078618286,0.014345853712151061,0.27417099630758285,-0.34595374803940626,-1.410159365244426,0.011090516443794596,-1.8240755574493968,0.37086594603711481,-0.93282694659914811,0.038683247891432959,3.3723838141544618,0.0092394077100122242,365,0.0033723838141544614,9.2394077100122229e-06,0.41520547945205483,365_25_CALENDAR_DAYS_PER_YEAR,REPORTED,RESET_REPORTING_HIGH_WATER_MARK_TO_GROUP_INITIAL_WEALTH_NOT_PORTFOLIO_STATE,0.0034226178499384701
adaptive_no_memory,YEAR,2023,365,2023-01-01,2023-12-31,365,False,0.59283377892863498,0.4655146808060594,,12.753826871398889,0.0013343120887020833,0.010837761707292937,0.20712604384888392,0.59334172805930696,2.3529512819450393,0.006123717990040003,4.1642553337801882,0.093718692041957194,6.3310927108721504,0.020932066411443576,2.4706555683148128,0.0067689193652460625,365,0.0024706555683148132,6.7689193652460634e-06,0.46246575342465757,365_25_CALENDAR_DAYS_PER_YEAR,REPORTED,RESET_REPORTING_HIGH_WATER_MARK_TO_GROUP_INITIAL_WEALTH_NOT_PORTFOLIO_STATE,0.0026429208233655832
adaptive_no_memory,YEAR,2024,366,2024-01-01,2024-12-31,366,False,0.51011990813649244,0.41218905703599201,,11.261996093879564,0.0012145340499390654,0.013296786725920986,0.25412173701780821,0.50884492433163808,1.7456537443278874,0.0082214977176780623,2.823279447700048,0.12576386170702025,4.0460345080452784,0.026995598270348711,3.6678821161538711,0.010021535836485986,366,0.0036678821161538712,1.0021535836485987e-05,0.47158469945355191,365_25_CALENDAR_DAYS_PER_YEAR,REPORTED,RESET_REPORTING_HIGH_WATER_MARK_TO_GROUP_INITIAL_WEALTH_NOT_PORTFOLIO_STATE,0.0061922298490312659
adaptive_no_memory,YEAR,2025,148,2025-01-01,2025-05-28,148,False,0.066070820324459212,0.063979759113323403,,4.3229566968461759,0.00049531389111633528,0.011265466744320191,0.21530013501699682,,0.84028465061556645,0.0075315904245052733,1.2568658482108286,0.13037521345149158,,0.024610116547558361,1.8641263505142054,0.012595448314285171,148,0.0018641263505142056,1.2595448314285173e-05,0.44662162162162156,365_25_CALENDAR_DAYS_PER_YEAR,NOT_APPLICABLE_REQUIRES_365_CALENDAR_DAYS_AND_CONTIGUOUS_DAILY_RECORDS,RESET_REPORTING_HIGH_WATER_MARK_TO_GROUP_INITIAL_WEALTH_NOT_PORTFOLIO_STATE,0.003823116599602272
buy_hold,YEAR,2021,364,2021-01-02,2021-12-31,364,False,0.57266477406258698,0.45277148888039703,,12.438777167043874,0.0021408764619468734,0.042454921194452259,0.81137785701688769,,0.96373732776123833,0.028286992468241949,1.4464384062106086,0.53110830976583479,,0.090300308008590735,1,0.0027472527472527475,1,0.001,2.7472527472527472e-06,1,365_25_CALENDAR_DAYS_PER_YEAR,NOT_APPLICABLE_REQUIRES_365_CALENDAR_DAYS_AND_CONTIGUOUS_DAILY_RECORDS,RESET_REPORTING_HIGH_WATER_MARK_TO_GROUP_INITIAL_WEALTH_NOT_PORTFOLIO_STATE,0.001
buy_hold,YEAR,2022,365,2022-01-01,2022-12-31,365,False,-0.64219863910254038,-1.0277773044003311,,-28.158282312337835,-0.0022453360926876723,0.033500337758102211,0.64024220266513643,-0.64245042726141399,-1.2809355653849499,0.025450839247383835,-1.6860651890358573,0.66952532573630807,-0.95956105402716685,0.088170348931479403,0,0,0,0,0,1,365_25_CALENDAR_DAYS_PER_YEAR,REPORTED,RESET_REPORTING_HIGH_WATER_MARK_TO_GROUP_INITIAL_WEALTH_NOT_PORTFOLIO_STATE,0
buy_hold,YEAR,2023,365,2023-01-01,2023-12-31,365,False,1.5561756987192636,0.93851227387084402,,25.712665037557372,0.0028353410144281799,0.023034381048638017,0.44022191555490536,1.5578193791931905,2.3524687638835404,0.013128557950805879,4.1274648834517036,0.2002059359119803,7.7810848719194778,0.04487725993823885,0,0,0,0,0,1,365_25_CALENDAR_DAYS_PER_YEAR,REPORTED,RESET_REPORTING_HIGH_WATER_MARK_TO_GROUP_INITIAL_WEALTH_NOT_PORTFOLIO_STATE,0
buy_hold,YEAR,2024,366,2024-01-01,2024-12-31,366,False,1.213192974155779,0.79443625751833447,,21.705908675364331,0.0025545856352461736,0.027800420693443319,0.5313081530195265,1.2095929529224492,1.7561605218570269,0.017221166825031522,2.8349996146531695,0.26139957819131204,4.6273714796784304,0.055937247368440954,0,0,0,0,0,1,365_25_CALENDAR_DAYS_PER_YEAR,REPORTED,RESET_REPORTING_HIGH_WATER_MARK_TO_GROUP_INITIAL_WEALTH_NOT_PORTFOLIO_STATE,0
buy_hold,YEAR,2025,148,2025-01-01,2025-05-28,148,False,0.15209411996083924,0.14158126029122076,,9.5663013710284304,0.001292553915555853,0.026039905957608807,0.49766204949561466,,0.94864641202852129,0.017251072283787212,1.4319494434825135,0.2811368423432406,,0.056430626023156981,0,0,0,0,0,1,365_25_CALENDAR_DAYS_PER_YEAR,NOT_APPLICABLE_REQUIRES_365_CALENDAR_DAYS_AND_CONTIGUOUS_DAILY_RECORDS,RESET_REPORTING_HIGH_WATER_MARK_TO_GROUP_INITIAL_WEALTH_NOT_PORTFOLIO_STATE,0
cash,YEAR,2021,364,2021-01-02,2021-12-31,364,False,0,0,,0,0,0,0,,,0,,-0,,-0,0,0,0,0,0,0,365_25_CALENDAR_DAYS_PER_YEAR,NOT_APPLICABLE_REQUIRES_365_CALENDAR_DAYS_AND_CONTIGUOUS_DAILY_RECORDS,RESET_REPORTING_HIGH_WATER_MARK_TO_GROUP_INITIAL_WEALTH_NOT_PORTFOLIO_STATE,0
cash,YEAR,2022,365,2022-01-01,2022-12-31,365,False,0,0,,0,0,0,0,0,,0,,-0,,-0,0,0,0,0,0,0,365_25_CALENDAR_DAYS_PER_YEAR,REPORTED,RESET_REPORTING_HIGH_WATER_MARK_TO_GROUP_INITIAL_WEALTH_NOT_PORTFOLIO_STATE,0
cash,YEAR,2023,365,2023-01-01,2023-12-31,365,False,0,0,,0,0,0,0,0,,0,,-0,,-0,0,0,0,0,0,0,365_25_CALENDAR_DAYS_PER_YEAR,REPORTED,RESET_REPORTING_HIGH_WATER_MARK_TO_GROUP_INITIAL_WEALTH_NOT_PORTFOLIO_STATE,0
cash,YEAR,2024,366,2024-01-01,2024-12-31,366,False,0,0,,0,0,0,0,0,,0,,-0,,-0,0,0,0,0,0,0,365_25_CALENDAR_DAYS_PER_YEAR,REPORTED,RESET_REPORTING_HIGH_WATER_MARK_TO_GROUP_INITIAL_WEALTH_NOT_PORTFOLIO_STATE,0
cash,YEAR,2025,148,2025-01-01,2025-05-28,148,False,0,0,,0,0,0,0,,,0,,-0,,-0,0,0,0,0,0,0,365_25_CALENDAR_DAYS_PER_YEAR,NOT_APPLICABLE_REQUIRES_365_CALENDAR_DAYS_AND_CONTIGUOUS_DAILY_RECORDS,RESET_REPORTING_HIGH_WATER_MARK_TO_GROUP_INITIAL_WEALTH_NOT_PORTFOLIO_STATE,0
fixed_memory,YEAR,2021,364,2021-01-02,2021-12-31,364,False,0.28557040587180443,0.25120251547474948,,6.9011680075480628,0.00087290750968395229,0.019137881065451837,0.36575389824912669,,0.87170490714742455,0.012971525282628233,1.2860927665538187,0.27411416796461607,,0.041553120586790185,4.3115648441106451,0.011844958362941332,364,0.0043115648441106455,1.1844958362941334e-05,0.45673076923076933,365_25_CALENDAR_DAYS_PER_YEAR,NOT_APPLICABLE_REQUIRES_365_CALENDAR_DAYS_AND_CONTIGUOUS_DAILY_RECORDS,RESET_REPORTING_HIGH_WATER_MARK_TO_GROUP_INITIAL_WEALTH_NOT_PORTFOLIO_STATE,0.0054076193873143939
fixed_memory,YEAR,2022,365,2022-01-01,2022-12-31,365,False,-0.33308735657486155,-0.40509621102135474,,-11.098526329352184,-0.0010089593007875724,0.014143166560903449,0.27029733780587695,-0.33327237459414338,-1.3633962790907228,0.01086385606744425,-1.7749444160513821,0.36253333512241231,-0.91928753112210015,0.037713646496965264,3.6353331783228686,0.0099598169269119689,365,0.0036353331783228688,9.9598169269119687e-06,0.4123287671232877,365_25_CALENDAR_DAYS_PER_YEAR,REPORTED,RESET_REPORTING_HIGH_WATER_MARK_TO_GROUP_INITIAL_WEALTH_NOT_PORTFOLIO_STATE,0.0037753329961917317
fixed_memory,YEAR,2023,365,2023-01-01,2023-12-31,365,False,0.61317663652509047,0.47820530122257188,,13.101515101988271,0.0013731699839170774,0.01120916573373088,0.21422413741684559,0.6137050995178297,2.3412410136107886,0.0063540232091054546,4.1301955753897932,0.096118760850035734,6.3848627894332823,0.021902959774407173,3.5070328933962451,0.0096083092969760139,365,0.0035070328933962452,9.6083092969760147e-06,0.48027397260273974,365_25_CALENDAR_DAYS_PER_YEAR,REPORTED,RESET_REPORTING_HIGH_WATER_MARK_TO_GROUP_INITIAL_WEALTH_NOT_PORTFOLIO_STATE,0.0038919072490587207
fixed_memory,YEAR,2024,366,2024-01-01,2024-12-31,366,False,0.48467744279678027,0.39519753842324423,,10.79774695145476,0.0011606031658366743,0.01271482748018242,0.24299961424867619,0.48347559166074161,1.7444896265885932,0.0078972346872473644,2.8086900695581467,0.12314682519492569,3.9260093867256547,0.025902676273512944,2.7200028928188669,0.0074317018929477233,366,0.0027200028928188675,7.4317018929477257e-06,0.4527322404371586,365_25_CALENDAR_DAYS_PER_YEAR,REPORTED,RESET_REPORTING_HIGH_WATER_MARK_TO_GROUP_INITIAL_WEALTH_NOT_PORTFOLIO_STATE,0.0046344387452478125
fixed_memory,YEAR,2025,148,2025-01-01,2025-05-28,148,False,0.05569425469120981,0.054198611819305659,,3.6620683661693012,0.00042024782205121096,0.010429111435988958,0.19931611811892355,,0.77011090950818373,0.0070673405044587179,1.1364349132838036,0.13382429806884696,,0.02313461370196385,1.2319278733982566,0.0083238369824206529,148,0.0012319278733982563,8.3238369824206505e-06,0.41587837837837843,365_25_CALENDAR_DAYS_PER_YEAR,NOT_APPLICABLE_REQUIRES_365_CALENDAR_DAYS_AND_CONTIGUOUS_DAILY_RECORDS,RESET_REPORTING_HIGH_WATER_MARK_TO_GROUP_INITIAL_WEALTH_NOT_PORTFOLIO_STATE,0.0024823848377955211
fixed_no_memory,YEAR,2021,364,2021-01-02,2021-12-31,364,False,0.28476817836416346,0.25057829612978844,,6.8840191244447375,0.00087232137405594454,0.019197040228961276,0.36688451948126483,,0.8684350659559622,0.01301427113035474,1.281007805232564,0.27723567194882137,,0.041728586428913,3.8478117339871107,0.010570911357107447,364,0.0038478117339871103,1.0570911357107446e-05,0.4581043956043957,365_25_CALENDAR_DAYS_PER_YEAR,NOT_APPLICABLE_REQUIRES_365_CALENDAR_DAYS_AND_CONTIGUOUS_DAILY_RECORDS,RESET_REPORTING_HIGH_WATER_MARK_TO_GROUP_INITIAL_WEALTH_NOT_PORTFOLIO_STATE,0.0047352309568357348
fixed_no_memory,YEAR,2022,365,2022-01-01,2022-12-31,365,False,-0.33308735657486155,-0.40509621102135474,,-11.098526329352184,-0.0010089593007875724,0.014143166560903449,0.27029733780587695,-0.33327237459414338,-1.3633962790907228,0.01086385606744425,-1.7749444160513821,0.36253333512241231,-0.91928753112210015,0.037713646496965264,3.6353331783228686,0.0099598169269119689,365,0.0036353331783228688,9.9598169269119687e-06,0.4123287671232877,365_25_CALENDAR_DAYS_PER_YEAR,REPORTED,RESET_REPORTING_HIGH_WATER_MARK_TO_GROUP_INITIAL_WEALTH_NOT_PORTFOLIO_STATE,0.0037729770956776753
fixed_no_memory,YEAR,2023,365,2023-01-01,2023-12-31,365,False,0.61062589415663582,0.47662285758561784,,13.058160481797749,0.001369215616592207,0.01124371006477533,0.21488433191270984,0.61115177527501685,2.327326517986692,0.0063860643388262087,4.0976387342685721,0.096430234982085902,6.3377609251761351,0.021981178300157972,2.9681233512729253,0.0081318447980080148,365,0.0029681233512729257,8.1318447980080162e-06,0.48136986301369866,365_25_CALENDAR_DAYS_PER_YEAR,REPORTED,RESET_REPORTING_HIGH_WATER_MARK_TO_GROUP_INITIAL_WEALTH_NOT_PORTFOLIO_STATE,0.0032769690108818278
fixed_no_memory,YEAR,2024,366,2024-01-01,2024-12-31,366,False,0.48143100686783852,0.39300851716499019,,10.737937627458749,0.0011549543306357171,0.012741105703724357,0.24350183090822458,0.48023842362163027,1.7324184696733926,0.007927456416873634,2.7843643262687312,0.12539947117989977,3.8296686509361253,0.026061337856202151,2.5736350871724065,0.0070317898556623128,366,0.0025736350871724068,7.031789855662314e-06,0.45327868852459025,365_25_CALENDAR_DAYS_PER_YEAR,REPORTED,RESET_REPORTING_HIGH_WATER_MARK_TO_GROUP_INITIAL_WEALTH_NOT_PORTFOLIO_STATE,0.0043312409119040949
fixed_no_memory,YEAR,2025,148,2025-01-01,2025-05-28,148,False,0.054827904524958899,0.053377629948891683,,3.6065966181683571,0.00041473687292917444,0.010432805177150364,0.19938671110799516,,0.75974292366622365,0.0070724999773238506,1.1207140237174704,0.13382429806884696,,0.02313461370196385,1.2290722432291736,0.0083045421839809033,148,0.0012290722432291737,8.3045421839809024e-06,0.41621621621621624,365_25_CALENDAR_DAYS_PER_YEAR,NOT_APPLICABLE_REQUIRES_365_CALENDAR_DAYS_AND_CONTIGUOUS_DAILY_RECORDS,RESET_REPORTING_HIGH_WATER_MARK_TO_GROUP_INITIAL_WEALTH_NOT_PORTFOLIO_STATE,0.0024648090087762021
llama_frozen_W,YEAR,2021,364,2021-01-02,2021-12-31,364,False,0.28648247992418829,0.25191173424365676,,6.9206520396608999,0.00088070067905400215,0.019441212237024677,0.37155101644020588,,0.86576515415411848,0.013190948978388272,1.2759903883266444,0.28167049678051542,,0.04256741491295743,3.99597140151063,0.010977943410743488,364,0.0039959714015106304,1.0977943410743489e-05,0.46497252747252749,365_25_CALENDAR_DAYS_PER_YEAR,NOT_APPLICABLE_REQUIRES_365_CALENDAR_DAYS_AND_CONTIGUOUS_DAILY_RECORDS,RESET_REPORTING_HIGH_WATER_MARK_TO_GROUP_INITIAL_WEALTH_NOT_PORTFOLIO_STATE,0.0049292416915850757
llama_frozen_W,YEAR,2022,365,2022-01-01,2022-12-31,365,False,-0.36642238862932192,-0.45637277469544518,,-12.50336369028617,-0.0011277396872720546,0.015578032092952072,0.29771979173456636,-0.3666204039620129,-1.3835389255658073,0.012026873912829554,-1.7920545222745965,0.39702871359078268,-0.92341030109950284,0.041961215401163869,2.4376118931692385,0.0066783887484088726,365,0.0024376118931692392,6.6783887484088744e-06,0.45397260273972606,365_25_CALENDAR_DAYS_PER_YEAR,REPORTED,RESET_REPORTING_HIGH_WATER_MARK_TO_GROUP_INITIAL_WEALTH_NOT_PORTFOLIO_STATE,0.0025187667730633611
llama_frozen_W,YEAR,2023,365,2023-01-01,2023-12-31,365,False,0.62447021997713381,0.48518174415051418,,13.292650524671622,0.0013955565170249646,0.011496502093721031,0.21971557052878143,0.62501014755857043,2.319940351139552,0.0065664198838518654,4.0617565699344871,0.10376470063024161,6.0233407291922054,0.022444445859568438,1.4236670658702839,0.0039004577147131068,365,0.001423667065870284,3.9004577147131068e-06,0.49835616438356167,365_25_CALENDAR_DAYS_PER_YEAR,REPORTED,RESET_REPORTING_HIGH_WATER_MARK_TO_GROUP_INITIAL_WEALTH_NOT_PORTFOLIO_STATE,0.0015278146132936183
llama_frozen_W,YEAR,2024,366,2024-01-01,2024-12-31,366,False,0.59844240276243377,0.46902965681505998,,12.815017945766666,0.0013906294869600333,0.014783343929621516,0.28253209709708133,0.59690683571186576,1.7977689095537428,0.0090807367882100622,2.9267488658431113,0.12926542130839591,4.6176837523144796,0.029602816558841859,3.268159513436542,0.00892939757769547,366,0.0032681595134365416,8.9293975776954687e-06,0.52568306010928956,365_25_CALENDAR_DAYS_PER_YEAR,REPORTED,RESET_REPORTING_HIGH_WATER_MARK_TO_GROUP_INITIAL_WEALTH_NOT_PORTFOLIO_STATE,0.005634671234521247
llama_frozen_W,YEAR,2025,148,2025-01-01,2025-05-28,148,False,0.078217685852317767,0.075309387028630811,,5.0884720965291095,0.00059775255697888511,0.0133839486369674,0.25578753317544134,,0.85355653860889569,0.0089282116368615012,1.2795347305975107,0.15078535452893826,,0.029200619219374394,1.7096411726661127,0.011551629545041303,148,0.0017096411726661128,1.1551629545041303e-05,0.52027027027027029,365_25_CALENDAR_DAYS_PER_YEAR,NOT_APPLICABLE_REQUIRES_365_CALENDAR_DAYS_AND_CONTIGUOUS_DAILY_RECORDS,RESET_REPORTING_HIGH_WATER_MARK_TO_GROUP_INITIAL_WEALTH_NOT_PORTFOLIO_STATE,0.0036593045494900207
llama_hard_allocator,YEAR,2021,364,2021-01-02,2021-12-31,364,False,0.28705086725584145,0.25235345173025364,,6.9327871354465289,0.00087450941492260039,0.019055766182354456,0.36418455844110809,,0.87706783936071786,0.01291353025284833,1.2942394020592654,0.27245277411365781,,0.041539057690998027,4.0518085751960555,0.011131342239549603,364,0.0040518085751960562,1.1131342239549604e-05,0.45109890109890122,365_25_CALENDAR_DAYS_PER_YEAR,NOT_APPLICABLE_REQUIRES_365_CALENDAR_DAYS_AND_CONTIGUOUS_DAILY_RECORDS,RESET_REPORTING_HIGH_WATER_MARK_TO_GROUP_INITIAL_WEALTH_NOT_PORTFOLIO_STATE,0.00501804679503569
llama_hard_allocator,YEAR,2022,365,2022-01-01,2022-12-31,365,False,-0.34324262273259604,-0.42044061748771749,,-11.518921027060752,-0.0010476297797591366,0.014371686474184289,0.2746646995228908,-0.34343172391233684,-1.3931414474510382,0.011098763991427105,-1.803965929217237,0.3690186183008099,-0.93066232130429905,0.038680596131746722,2.977500152045133,0.0081575346631373499,365,0.0029775001520451331,8.1575346631373518e-06,0.41534246575342471,365_25_CALENDAR_DAYS_PER_YEAR,REPORTED,RESET_REPORTING_HIGH_WATER_MARK_TO_GROUP_INITIAL_WEALTH_NOT_PORTFOLIO_STATE,0.0031080378990886097
llama_hard_allocator,YEAR,2023,365,2023-01-01,2023-12-31,365,False,0.60449783697683324,0.47281083346891206,,12.953721464901699,0.0013550297659578967,0.010903792310321301,0.20838798869945371,0.60501752657300079,2.3750151105394259,0.0061394253555378444,4.2180937139072041,0.093718692041958596,6.4556761665232125,0.020961350452857849,2.4892296521667698,0.0068198072662103287,365,0.0024892296521667697,6.8198072662103278e-06,0.46465753424657541,365_25_CALENDAR_DAYS_PER_YEAR,REPORTED,RESET_REPORTING_HIGH_WATER_MARK_TO_GROUP_INITIAL_WEALTH_NOT_PORTFOLIO_STATE,0.0027032055263189279
llama_hard_allocator,YEAR,2024,366,2024-01-01,2024-12-31,366,False,0.50213262224267108,0.40688584654296567,,11.117099632321466,0.001199817010567277,0.013281492291776432,0.25382943721247686,0.50088069238210364,1.7264867618284139,0.0082054526874358203,2.7945223124848444,0.12954537171914934,3.8664499220242203,0.026833053496771252,3.9775464286048963,0.010867613192909553,366,0.0039775464286048966,1.0867613192909553e-05,0.47144808743169403,365_25_CALENDAR_DAYS_PER_YEAR,REPORTED,RESET_REPORTING_HIGH_WATER_MARK_TO_GROUP_INITIAL_WEALTH_NOT_PORTFOLIO_STATE,0.0069309661560472725
llama_hard_allocator,YEAR,2025,148,2025-01-01,2025-05-28,148,False,0.059561049386628886,0.057854718006853711,,3.9091025680306566,0.00045266326535980652,0.011150366893690186,0.21310040251203247,,0.77585614913765288,0.0075314277643061915,1.1486641033205731,0.13154798115708077,,0.024946352672191151,2.0485073836113785,0.013841266105482287,148,0.0020485073836113785,1.3841266105482288e-05,0.44425675675675674,365_25_CALENDAR_DAYS_PER_YEAR,NOT_APPLICABLE_REQUIRES_365_CALENDAR_DAYS_AND_CONTIGUOUS_DAILY_RECORDS,RESET_REPORTING_HIGH_WATER_MARK_TO_GROUP_INITIAL_WEALTH_NOT_PORTFOLIO_STATE,0.0041835482338648394
llama_memory_current_year,YEAR,2021,364,2021-01-02,2021-12-31,364,False,0.29118329964667483,0.2555590844711812,,7.0208539689884946,0.00088730074728740735,0.01926394603963447,0.36816319087573884,,0.88027974001374321,0.013056801559067221,1.2987607519876916,0.28165584541742678,,0.042149937687570249,4.2167272505151896,0.011584415523393378,364,0.0042167272505151893,1.1584415523393377e-05,0.45975274725274734,365_25_CALENDAR_DAYS_PER_YEAR,NOT_APPLICABLE_REQUIRES_365_CALENDAR_DAYS_AND_CONTIGUOUS_DAILY_RECORDS,RESET_REPORTING_HIGH_WATER_MARK_TO_GROUP_INITIAL_WEALTH_NOT_PORTFOLIO_STATE,0.0052778892611028225
llama_memory_current_year,YEAR,2022,365,2022-01-01,2022-12-31,365,False,-0.34576364982891211,-0.42428660111227845,,-11.624290441432285,-0.0010585210078618325,0.014345853712151094,0.27417099630758346,-0.34595374803940743,-1.4101593652444278,0.011090516443794621,-1.8240755574493996,0.37086594603711542,-0.93282694659914978,0.038683247891433022,3.3723838141544604,0.0092394077100122207,365,0.0033723838141544601,9.2394077100122195e-06,0.41520547945205483,365_25_CALENDAR_DAYS_PER_YEAR,REPORTED,RESET_REPORTING_HIGH_WATER_MARK_TO_GROUP_INITIAL_WEALTH_NOT_PORTFOLIO_STATE,0.0034269694139618108
llama_memory_current_year,YEAR,2023,365,2023-01-01,2023-12-31,365,False,0.59283377892863498,0.4655146808060594,,12.753826871398889,0.0013343120887020837,0.01083776170729297,0.20712604384888456,0.59334172805930696,2.3529512819450331,0.0061237179900400281,4.1642553337801722,0.093718692041958651,6.3310927108720518,0.020932066411443635,2.4706555683148124,0.0067689193652460617,365,0.0024706555683148123,6.7689193652460609e-06,0.46246575342465757,365_25_CALENDAR_DAYS_PER_YEAR,REPORTED,RESET_REPORTING_HIGH_WATER_MARK_TO_GROUP_INITIAL_WEALTH_NOT_PORTFOLIO_STATE,0.0026462810697254536
llama_memory_current_year,YEAR,2024,366,2024-01-01,2024-12-31,366,False,0.51463434901133731,0.41517405604292357,,11.343553443795727,0.0012216351117294172,0.013217392299008984,0.25260438924858508,0.51334629682842148,1.7664072500342305,0.0081417170187394351,2.8676134935393383,0.12147403001109179,4.2259756820577028,0.02677255755961689,3.9748883272178159,0.010860350620813706,366,0.0039748883272178155,1.0860350620813703e-05,0.46898907103825144,365_25_CALENDAR_DAYS_PER_YEAR,REPORTED,RESET_REPORTING_HIGH_WATER_MARK_TO_GROUP_INITIAL_WEALTH_NOT_PORTFOLIO_STATE,0.0069803724736070445
llama_memory_current_year,YEAR,2025,148,2025-01-01,2025-05-28,148,False,0.067184348277289141,0.065023729914710143,,4.3934952645074423,0.00050233671669211899,0.011262391430398812,0.21524136110930886,,0.8524313581097368,0.0075274862020824401,1.275381364355396,0.13037521345149222,,0.02461011654755842,1.8659811533749147,0.01260798076604672,148,0.0018659811533749148,1.2607980766046722e-05,0.44594594594594594,365_25_CALENDAR_DAYS_PER_YEAR,NOT_APPLICABLE_REQUIRES_365_CALENDAR_DAYS_AND_CONTIGUOUS_DAILY_RECORDS,RESET_REPORTING_HIGH_WATER_MARK_TO_GROUP_INITIAL_WEALTH_NOT_PORTFOLIO_STATE,0.0038429710839196197
llama_memory_frozen2021,YEAR,2021,364,2021-01-02,2021-12-31,364,False,0.29118329964667483,0.2555590844711812,,7.0208539689884946,0.00088730074728740735,0.01926394603963447,0.36816319087573884,,0.88027974001374321,0.013056801559067221,1.2987607519876916,0.28165584541742678,,0.042149937687570249,4.2167272505151896,0.011584415523393378,364,0.0042167272505151893,1.1584415523393377e-05,0.45975274725274734,365_25_CALENDAR_DAYS_PER_YEAR,NOT_APPLICABLE_REQUIRES_365_CALENDAR_DAYS_AND_CONTIGUOUS_DAILY_RECORDS,RESET_REPORTING_HIGH_WATER_MARK_TO_GROUP_INITIAL_WEALTH_NOT_PORTFOLIO_STATE,0.0052778892611028225
llama_memory_frozen2021,YEAR,2022,365,2022-01-01,2022-12-31,365,False,-0.34576364982891211,-0.42428660111227845,,-11.624290441432285,-0.0010585210078618325,0.014345853712151094,0.27417099630758346,-0.34595374803940743,-1.4101593652444278,0.011090516443794621,-1.8240755574493996,0.37086594603711542,-0.93282694659914978,0.038683247891433022,3.3723838141544604,0.0092394077100122207,365,0.0033723838141544601,9.2394077100122195e-06,0.41520547945205483,365_25_CALENDAR_DAYS_PER_YEAR,REPORTED,RESET_REPORTING_HIGH_WATER_MARK_TO_GROUP_INITIAL_WEALTH_NOT_PORTFOLIO_STATE,0.0034269694139618108
llama_memory_frozen2021,YEAR,2023,365,2023-01-01,2023-12-31,365,False,0.59283377892863498,0.4655146808060594,,12.753826871398889,0.0013343120887020837,0.01083776170729297,0.20712604384888456,0.59334172805930696,2.3529512819450331,0.0061237179900400281,4.1642553337801722,0.093718692041958651,6.3310927108720518,0.020932066411443635,2.4706555683148124,0.0067689193652460617,365,0.0024706555683148123,6.7689193652460609e-06,0.46246575342465757,365_25_CALENDAR_DAYS_PER_YEAR,REPORTED,RESET_REPORTING_HIGH_WATER_MARK_TO_GROUP_INITIAL_WEALTH_NOT_PORTFOLIO_STATE,0.0026462810697254536
llama_memory_frozen2021,YEAR,2024,366,2024-01-01,2024-12-31,366,False,0.5181315813404882,0.41748035594184052,,11.406567102236078,0.001228332553812928,0.013246441156998698,0.25315955692953612,0.5168333864862219,1.7721964389637785,0.0081604799304892603,2.8767052976464917,0.12164069222219671,4.2488527239070688,0.026840833686366784,3.9363661534576506,0.010755098779938936,366,0.0039363661534576504,1.0755098779938935e-05,0.46926229508196732,365_25_CALENDAR_DAYS_PER_YEAR,REPORTED,RESET_REPORTING_HIGH_WATER_MARK_TO_GROUP_INITIAL_WEALTH_NOT_PORTFOLIO_STATE,0.006759040604536028
llama_memory_frozen2021,YEAR,2025,148,2025-01-01,2025-05-28,148,False,0.073952933181554395,0.071346171273078518,,4.820687248180981,0.0005466616816463206,0.011405196968022405,0.21797059126278082,,0.91603265405929357,0.0075719489036461364,1.3797680071052447,0.13037521345149219,,0.024875611855279638,1.8359732193934324,0.01240522445536103,148,0.0018359732193934321,1.2405224455361028e-05,0.45439189189189189,365_25_CALENDAR_DAYS_PER_YEAR,NOT_APPLICABLE_REQUIRES_365_CALENDAR_DAYS_AND_CONTIGUOUS_DAILY_RECORDS,RESET_REPORTING_HIGH_WATER_MARK_TO_GROUP_INITIAL_WEALTH_NOT_PORTFOLIO_STATE,0.0037867101488080969
llama_memory_pooled,YEAR,2021,364,2021-01-02,2021-12-31,364,False,0.29118329964667483,0.2555590844711812,,7.0208539689884946,0.00088730074728740735,0.01926394603963447,0.36816319087573884,,0.88027974001374321,0.013056801559067221,1.2987607519876916,0.28165584541742678,,0.042149937687570249,4.2167272505151896,0.011584415523393378,364,0.0042167272505151893,1.1584415523393377e-05,0.45975274725274734,365_25_CALENDAR_DAYS_PER_YEAR,NOT_APPLICABLE_REQUIRES_365_CALENDAR_DAYS_AND_CONTIGUOUS_DAILY_RECORDS,RESET_REPORTING_HIGH_WATER_MARK_TO_GROUP_INITIAL_WEALTH_NOT_PORTFOLIO_STATE,0.0052778892611028225
llama_memory_pooled,YEAR,2022,365,2022-01-01,2022-12-31,365,False,-0.34576364982891211,-0.42428660111227845,,-11.624290441432285,-0.0010585210078618325,0.014345853712151094,0.27417099630758346,-0.34595374803940743,-1.4101593652444278,0.011090516443794621,-1.8240755574493996,0.37086594603711542,-0.93282694659914978,0.038683247891433022,3.3723838141544604,0.0092394077100122207,365,0.0033723838141544601,9.2394077100122195e-06,0.41520547945205483,365_25_CALENDAR_DAYS_PER_YEAR,REPORTED,RESET_REPORTING_HIGH_WATER_MARK_TO_GROUP_INITIAL_WEALTH_NOT_PORTFOLIO_STATE,0.0034269694139618108
llama_memory_pooled,YEAR,2023,365,2023-01-01,2023-12-31,365,False,0.59283377892863498,0.4655146808060594,,12.753826871398889,0.0013343120887020837,0.01083776170729297,0.20712604384888456,0.59334172805930696,2.3529512819450331,0.0061237179900400281,4.1642553337801722,0.093718692041958651,6.3310927108720518,0.020932066411443635,2.4706555683148124,0.0067689193652460617,365,0.0024706555683148123,6.7689193652460609e-06,0.46246575342465757,365_25_CALENDAR_DAYS_PER_YEAR,REPORTED,RESET_REPORTING_HIGH_WATER_MARK_TO_GROUP_INITIAL_WEALTH_NOT_PORTFOLIO_STATE,0.0026462810697254536
llama_memory_pooled,YEAR,2024,366,2024-01-01,2024-12-31,366,False,0.51480615252018036,0.41528747864286591,,11.346652421936227,0.0012223196001054757,0.013245182496129491,0.2531355020136386,0.51351760245786304,1.7636887374038537,0.0081683166513004061,2.8598767886359111,0.1224129282806995,4.194962163476224,0.026833053496771252,3.5829129647038456,0.0097893796849831839,366,0.0035829129647038452,9.7893796849831836e-06,0.46939890710382515,365_25_CALENDAR_DAYS_PER_YEAR,REPORTED,RESET_REPORTING_HIGH_WATER_MARK_TO_GROUP_INITIAL_WEALTH_NOT_PORTFOLIO_STATE,0.0062698151006059487
llama_memory_pooled,YEAR,2025,148,2025-01-01,2025-05-28,148,False,0.067826493605692678,0.065625268169382855,,4.4341397411745174,0.00050635547878763074,0.01125816583668411,0.21516060361226497,,0.85957343269248698,0.0075213286220828695,1.2866370744189009,0.13037521345149222,,0.02461011654755842,1.8669715615719169,0.012614672713323763,148,0.0018669715615719173,1.2614672713323765e-05,0.44594594594594594,365_25_CALENDAR_DAYS_PER_YEAR,NOT_APPLICABLE_REQUIRES_365_CALENDAR_DAYS_AND_CONTIGUOUS_DAILY_RECORDS,RESET_REPORTING_HIGH_WATER_MARK_TO_GROUP_INITIAL_WEALTH_NOT_PORTFOLIO_STATE,0.0038478392824159357
llama_no_risk,YEAR,2021,364,2021-01-02,2021-12-31,364,False,0.32967432065503322,0.28493404055975041,,7.8278582571360005,0.0009955837167796174,0.020665925995406023,0.39495715162493933,,0.92069975453710351,0.013801791140570291,1.37859737170795,0.28514819883380949,,0.04414547544290947,4.3224743445764418,0.011874929518067148,364,0.0043224743445764427,1.187492951806715e-05,0.48685108767087726,365_25_CALENDAR_DAYS_PER_YEAR,NOT_APPLICABLE_REQUIRES_365_CALENDAR_DAYS_AND_CONTIGUOUS_DAILY_RECORDS,RESET_REPORTING_HIGH_WATER_MARK_TO_GROUP_INITIAL_WEALTH_NOT_PORTFOLIO_STATE,0.0054839920473127466
llama_no_risk,YEAR,2022,365,2022-01-01,2022-12-31,365,False,-0.34426076359736713,-0.42199207454808713,,-11.561426699947592,-0.0010523124389666028,0.014342863395842032,0.27411384683302581,-0.34445026823714653,-1.402180600408266,0.01106189592319076,-1.8180685252871642,0.36612706194947409,-0.94079434173232745,0.038488451374627808,2.9300117594016983,0.0080274294778128717,365,0.0029300117594016988,8.0274294778128726e-06,0.41574210796448835,365_25_CALENDAR_DAYS_PER_YEAR,REPORTED,RESET_REPORTING_HIGH_WATER_MARK_TO_GROUP_INITIAL_WEALTH_NOT_PORTFOLIO_STATE,0.0031157162057900353
llama_no_risk,YEAR,2023,365,2023-01-01,2023-12-31,365,False,0.58393989750217223,0.45991534917625809,,12.600420525376935,0.0013186248305144576,0.010804188389256678,0.20648440688254877,0.58443893381877499,2.3325137554786992,0.0061610536384949718,4.0903584862930291,0.098121364852970697,5.9562862246619135,0.021073923585761392,1.7491363342654358,0.0047921543404532488,365,0.0017491363342654357,4.7921543404532486e-06,0.46658299984455864,365_25_CALENDAR_DAYS_PER_YEAR,REPORTED,RESET_REPORTING_HIGH_WATER_MARK_TO_GROUP_INITIAL_WEALTH_NOT_PORTFOLIO_STATE,0.0019557779528830894
llama_no_risk,YEAR,2024,366,2024-01-01,2024-12-31,366,False,0.50515740474679882,0.40889748060353603,,11.172062311572022,0.0012036690218519221,0.013154835770607182,0.25140883922684337,0.50389675454931004,1.748705859282585,0.0081264768822358457,2.8307394118411402,0.1264508672516825,3.9849213018553291,0.026637304624849728,3.7728104606944664,0.010308225302443897,366,0.0037728104606944662,1.0308225302443897e-05,0.4675666029174072,365_25_CALENDAR_DAYS_PER_YEAR,REPORTED,RESET_REPORTING_HIGH_WATER_MARK_TO_GROUP_INITIAL_WEALTH_NOT_PORTFOLIO_STATE,0.0067023766652097791
llama_no_risk,YEAR,2025,148,2025-01-01,2025-05-28,148,False,0.064315451546162541,0.062331823995896582,,4.2116097294524719,0.00048375149401820995,0.011226531588499674,0.21455602520820513,,0.82351559700405041,0.0075281119936823097,1.2280932949917394,0.13239386406544507,,0.024893951974736615,1.958520108252884,0.013233243974681648,148,0.0019585201082528837,1.3233243974681647e-05,0.44618188131551745,365_25_CALENDAR_DAYS_PER_YEAR,NOT_APPLICABLE_REQUIRES_365_CALENDAR_DAYS_AND_CONTIGUOUS_DAILY_RECORDS,RESET_REPORTING_HIGH_WATER_MARK_TO_GROUP_INITIAL_WEALTH_NOT_PORTFOLIO_STATE,0.0041170727866353778
llama_uniform_allocator,YEAR,2021,364,2021-01-02,2021-12-31,364,False,0.28802193266501558,0.25310765600380619,,6.9535070330715989,0.00087958559275016016,0.019213520720029027,0.36719948663110108,,0.8749158140156974,0.013018233390943278,1.2912822052004727,0.2772209936624358,,0.041728586428913042,3.6785865659328625,0.010106007049266105,364,0.0036785865659328628,1.0106007049266106e-05,0.45851648351648361,365_25_CALENDAR_DAYS_PER_YEAR,NOT_APPLICABLE_REQUIRES_365_CALENDAR_DAYS_AND_CONTIGUOUS_DAILY_RECORDS,RESET_REPORTING_HIGH_WATER_MARK_TO_GROUP_INITIAL_WEALTH_NOT_PORTFOLIO_STATE,0.004495422666725632
llama_uniform_allocator,YEAR,2022,365,2022-01-01,2022-12-31,365,False,-0.33650682390083919,-0.41023670996636363,,-11.239361916886674,-0.0010158460031449855,0.014642399321227665,0.27983843212022508,-0.33669322870961294,-1.3258999124512658,0.011205316303855991,-1.7326022266244583,0.36361351145319115,-0.92596456980932695,0.038967966427003481,2.4226114738078577,0.0066372917090626237,365,0.0024226114738078583,6.6372917090626257e-06,0.42849315068493155,365_25_CALENDAR_DAYS_PER_YEAR,REPORTED,RESET_REPORTING_HIGH_WATER_MARK_TO_GROUP_INITIAL_WEALTH_NOT_PORTFOLIO_STATE,0.002504413697772183
llama_uniform_allocator,YEAR,2023,365,2023-01-01,2023-12-31,365,False,0.55945127737136857,0.44433401410980244,,12.173534633145271,0.001271298844315054,0.010365065569030772,0.19809210458123944,0.55992595045166416,2.3440707234025195,0.0059099948981050513,4.111077448527543,0.093718692041958679,5.9745386779510365,0.020200548356829783,1.4328369568550499,0.0039255807037124656,365,0.0014328369568550499,3.9255807037124658e-06,0.44986301369863024,365_25_CALENDAR_DAYS_PER_YEAR,REPORTED,RESET_REPORTING_HIGH_WATER_MARK_TO_GROUP_INITIAL_WEALTH_NOT_PORTFOLIO_STATE,0.0015713120445347681
llama_uniform_allocator,YEAR,2024,366,2024-01-01,2024-12-31,366,False,0.5278252844400545,0.42384534156276688,,11.58047381319035,0.0012413293360817531,0.012910006197331372,0.24672977520057818,0.52649888998147731,1.8376198804350785,0.0078552131219096679,3.0201197187873081,0.10720692141838185,4.91105315790929,0.02574728049456625,4.1679438995066072,0.011387824862039909,366,0.0041679438995066067,1.1387824862039908e-05,0.45177595628415301,365_25_CALENDAR_DAYS_PER_YEAR,REPORTED,RESET_REPORTING_HIGH_WATER_MARK_TO_GROUP_INITIAL_WEALTH_NOT_PORTFOLIO_STATE,0.007441748563423195
llama_uniform_allocator,YEAR,2025,148,2025-01-01,2025-05-28,148,False,0.065745397967280766,0.063674458537303871,,4.3023282795475586,0.00049070625006299802,0.011035718154278357,0.21090929142581488,,0.84979877663925696,0.0073699998706133613,1.2724748916530033,0.12489920277120463,,0.024278669230382532,2.3294449196914782,0.015739492700618096,148,0.0023294449196914783,1.5739492700618097e-05,0.43277027027027026,365_25_CALENDAR_DAYS_PER_YEAR,NOT_APPLICABLE_REQUIRES_365_CALENDAR_DAYS_AND_CONTIGUOUS_DAILY_RECORDS,RESET_REPORTING_HIGH_WATER_MARK_TO_GROUP_INITIAL_WEALTH_NOT_PORTFOLIO_STATE,0.0047968722847557656
numerical_frozen_W,YEAR,2021,364,2021-01-02,2021-12-31,364,False,0.26874503973408176,0.23802825423112139,,6.5392377536022366,0.00084014910620963245,0.019312898015029008,0.36909873728060538,,0.83138854200353463,0.013161782437176819,1.2199352328773201,0.28803830442753098,,0.0424055632262232,3.6783904581191975,0.010105468291536256,364,0.0036783904581191977,1.0105468291536258e-05,0.45934065934065949,365_25_CALENDAR_DAYS_PER_YEAR,NOT_APPLICABLE_REQUIRES_365_CALENDAR_DAYS_AND_CONTIGUOUS_DAILY_RECORDS,RESET_REPORTING_HIGH_WATER_MARK_TO_GROUP_INITIAL_WEALTH_NOT_PORTFOLIO_STATE,0.0044487713847157842
numerical_frozen_W,YEAR,2022,365,2022-01-01,2022-12-31,365,False,-0.37265147097951706,-0.46625302513014089,,-12.774055483017559,-0.001150665978954507,0.015837015452266061,0.30266935605293516,-0.37285178361567795,-1.388580443999851,0.012235749017411014,-1.7972720686774284,0.40275400774923653,-0.92575561370409409,0.042891299463560573,2.4389677181415581,0.0066821033373741321,365,0.0024389677181415582,6.6821033373741316e-06,0.46397260273972607,365_25_CALENDAR_DAYS_PER_YEAR,REPORTED,RESET_REPORTING_HIGH_WATER_MARK_TO_GROUP_INITIAL_WEALTH_NOT_PORTFOLIO_STATE,0.0024494431559379656
numerical_frozen_W,YEAR,2023,365,2023-01-01,2023-12-31,365,False,0.62447021997713381,0.48518174415051418,,13.292650524671622,0.0013955565170249646,0.011496502093721031,0.21971557052878143,0.62501014755857043,2.319940351139552,0.0065664198838518654,4.0617565699344871,0.10376470063024161,6.0233407291922054,0.022444445859568438,1.4236670658702839,0.0039004577147131068,365,0.001423667065870284,3.9004577147131068e-06,0.49835616438356167,365_25_CALENDAR_DAYS_PER_YEAR,REPORTED,RESET_REPORTING_HIGH_WATER_MARK_TO_GROUP_INITIAL_WEALTH_NOT_PORTFOLIO_STATE,0.0014919360315376793
numerical_frozen_W,YEAR,2024,366,2024-01-01,2024-12-31,366,False,0.53774926568589088,0.43031983158120035,,11.757372447573781,0.001272265767874956,0.013900176715721782,0.26565343377040956,0.53639387155540419,1.7492530215812658,0.0086132961776284912,2.8229525165573186,0.12866659595520319,4.1688665777880383,0.027973820608846307,1.8377890679559521,0.0050212816064370272,366,0.0018377890679559523,5.0212816064370284e-06,0.5,365_25_CALENDAR_DAYS_PER_YEAR,REPORTED,RESET_REPORTING_HIGH_WATER_MARK_TO_GROUP_INITIAL_WEALTH_NOT_PORTFOLIO_STATE,0.0030057303352255199
numerical_frozen_W,YEAR,2025,148,2025-01-01,2025-05-28,148,False,0.086020788226728651,0.082520363342099987,,5.5757002258175667,0.00064172966641135108,0.013020541550474161,0.24884227324401634,,0.94192902838055925,0.0086286459743145708,1.4213616004336149,0.1461602066568253,,0.02822162221512484,0.67384535661280043,0.0045530091663027053,148,0.00067384535661280044,4.5530091663027057e-06,0.5,365_25_CALENDAR_DAYS_PER_YEAR,NOT_APPLICABLE_REQUIRES_365_CALENDAR_DAYS_AND_CONTIGUOUS_DAILY_RECORDS,RESET_REPORTING_HIGH_WATER_MARK_TO_GROUP_INITIAL_WEALTH_NOT_PORTFOLIO_STATE,0.0013364026044086635
numerical_hard_allocator,YEAR,2021,364,2021-01-02,2021-12-31,364,False,0.2677885075587344,0.23727404995756879,,6.5185178559771648,0.00083507292838207257,0.019155951414646481,0.36609924999617016,,0.83313578789014942,0.013058230350768618,1.2221800539525272,0.28334144737296357,,0.042238031458788711,4.051612467382391,0.011130803481819756,364,0.004051612467382391,1.1130803481819756e-05,0.45192307692307698,365_25_CALENDAR_DAYS_PER_YEAR,NOT_APPLICABLE_REQUIRES_365_CALENDAR_DAYS_AND_CONTIGUOUS_DAILY_RECORDS,RESET_REPORTING_HIGH_WATER_MARK_TO_GROUP_INITIAL_WEALTH_NOT_PORTFOLIO_STATE,0.0049674486989859309
numerical_hard_allocator,YEAR,2022,365,2022-01-01,2022-12-31,365,False,-0.35200204193533124,-0.43386773376959764,,-11.886787226564319,-0.0010802326376265598,0.014651142637411602,0.28000553013734425,-0.3521945786721431,-1.4090970656885582,0.011345507959413949,-1.81965251562237,0.38078580295845654,-0.92491520412741668,0.039534668129151268,2.6795513415187933,0.0073412365521062827,365,0.0026795513415187938,7.3412365521062846e-06,0.42739726027397262,365_25_CALENDAR_DAYS_PER_YEAR,REPORTED,RESET_REPORTING_HIGH_WATER_MARK_TO_GROUP_INITIAL_WEALTH_NOT_PORTFOLIO_STATE,0.002777949443075032
numerical_hard_allocator,YEAR,2023,365,2023-01-01,2023-12-31,365,False,0.59790591210447652,0.46869396707780581,,12.840930604871392,0.0013426955084920634,0.010807512786926902,0.20654794115800257,0.5984189594233944,2.3743617667027279,0.0060725768306051833,4.2257094262029709,0.093718692041958596,6.3852679373232988,0.020802757631489144,2.4005789451115511,0.0065769286167439754,365,0.0024005789451115511,6.5769286167439754e-06,0.46068493150684947,365_25_CALENDAR_DAYS_PER_YEAR,REPORTED,RESET_REPORTING_HIGH_WATER_MARK_TO_GROUP_INITIAL_WEALTH_NOT_PORTFOLIO_STATE,0.0025372870699115002
numerical_hard_allocator,YEAR,2024,366,2024-01-01,2024-12-31,366,False,0.4547216572780105,0.37481458148326091,,10.240835559651936,0.0011009608643068759,0.012401296381204768,0.23700755999349413,0.45360476885727274,1.6966798683515611,0.0077353972777158249,2.720096868465478,0.12574576940372539,3.6073163416011838,0.025159643917849615,2.3206632697831813,0.0063406100267300036,366,0.0023206632697831812,6.3406100267300031e-06,0.44713114754098376,365_25_CALENDAR_DAYS_PER_YEAR,REPORTED,RESET_REPORTING_HIGH_WATER_MARK_TO_GROUP_INITIAL_WEALTH_NOT_PORTFOLIO_STATE,0.0037068041040577405
numerical_hard_allocator,YEAR,2025,148,2025-01-01,2025-05-28,148,False,0.060023551310624833,0.058291126094725434,,3.9385896009949617,0.00045013058727371591,0.010642998381159455,0.20340382164854415,,0.80829453286184838,0.0071825445344258351,1.1977200229690437,0.12614253002831874,,0.023639662186836569,0.95876521149986327,0.0064781433209450219,148,0.00095876521149986329,6.4781433209450223e-06,0.4168918918918918,365_25_CALENDAR_DAYS_PER_YEAR,NOT_APPLICABLE_REQUIRES_365_CALENDAR_DAYS_AND_CONTIGUOUS_DAILY_RECORDS,RESET_REPORTING_HIGH_WATER_MARK_TO_GROUP_INITIAL_WEALTH_NOT_PORTFOLIO_STATE,0.0018119649020352942
numerical_no_risk,YEAR,2021,364,2021-01-02,2021-12-31,364,False,0.3395836882420466,0.29235888527527809,,8.0318375075625852,0.0010200545283428565,0.020861058452885512,0.39868642848448127,,0.93450614281878086,0.013931388880717176,1.3993426956092256,0.292084563183659,,0.044718001860767839,3.3789633528584631,0.0092828663540067673,364,0.0033789633528584634,9.2828663540067672e-06,0.48781722585215387,365_25_CALENDAR_DAYS_PER_YEAR,NOT_APPLICABLE_REQUIRES_365_CALENDAR_DAYS_AND_CONTIGUOUS_DAILY_RECORDS,RESET_REPORTING_HIGH_WATER_MARK_TO_GROUP_INITIAL_WEALTH_NOT_PORTFOLIO_STATE,0.0042089409809825369
numerical_no_risk,YEAR,2022,365,2022-01-01,2022-12-31,365,False,-0.34423162855549089,-0.421947644700015,,-11.560209443836028,-0.0010463906255383298,0.014744179097651649,0.2817835978291498,-0.34442112166493505,-1.3563393289115633,0.011298469259439361,-1.7699840149543462,0.36948170729771784,-0.93217367697018438,0.039225719343288445,2.7106080469011617,0.0074263234161675669,365,0.0027106080469011615,7.4263234161675657e-06,0.43166552924567025,365_25_CALENDAR_DAYS_PER_YEAR,REPORTED,RESET_REPORTING_HIGH_WATER_MARK_TO_GROUP_INITIAL_WEALTH_NOT_PORTFOLIO_STATE,0.0028981760159186775
numerical_no_risk,YEAR,2023,365,2023-01-01,2023-12-31,365,False,0.58229206506141273,0.45887446991724057,,12.571903285403851,0.0013154939024559182,0.010778537032935088,0.20599417060519329,0.58278945379163627,2.332513325306258,0.0061434833772752873,4.0923169662385348,0.098121364852970697,5.9394756143569065,0.021030599877395313,1.7178265340483905,0.0047063740658860017,365,0.0017178265340483906,4.7063740658860013e-06,0.46554254187598954,365_25_CALENDAR_DAYS_PER_YEAR,REPORTED,RESET_REPORTING_HIGH_WATER_MARK_TO_GROUP_INITIAL_WEALTH_NOT_PORTFOLIO_STATE,0.0019422478018168814
numerical_no_risk,YEAR,2024,366,2024-01-01,2024-12-31,366,False,0.45110618900720184,0.37232615455109214,,10.172845752762079,0.0010923632718414474,0.012255051080252599,0.23421259075207515,0.44999947029646709,1.7035193699831168,0.007635936448591181,2.7340087277958611,0.11986690331013881,3.754159470793673,0.024913215525551358,1.9912374415493677,0.0054405394577851573,366,0.0019912374415493672,5.4405394577851565e-06,0.44151414679153156,365_25_CALENDAR_DAYS_PER_YEAR,REPORTED,RESET_REPORTING_HIGH_WATER_MARK_TO_GROUP_INITIAL_WEALTH_NOT_PORTFOLIO_STATE,0.0033865409538707683
numerical_no_risk,YEAR,2025,148,2025-01-01,2025-05-28,148,False,0.065859135772986174,0.06378117420994675,,4.3095387979693749,0.00048707060218922951,0.010628090040400143,0.20311890067267976,,0.87585417634915652,0.0071206578875927145,1.3072748607567668,0.12699158756544346,,0.023376449781071906,0.58774083486256101,0.0039712218571794659,148,0.00058774083486256103,3.9712218571794661e-06,0.41430777569194388,365_25_CALENDAR_DAYS_PER_YEAR,NOT_APPLICABLE_REQUIRES_365_CALENDAR_DAYS_AND_CONTIGUOUS_DAILY_RECORDS,RESET_REPORTING_HIGH_WATER_MARK_TO_GROUP_INITIAL_WEALTH_NOT_PORTFOLIO_STATE,0.0011847752733830418
numerical_only,YEAR,2021,364,2021-01-02,2021-12-31,364,False,0.27024408679117962,0.23920907632730048,,6.5716779210796838,0.00084051065236903373,0.019162147396459807,0.36621766459462829,,0.83828975349293566,0.013059631708263117,1.230006494533066,0.2840651714608064,,0.042238031458788711,4.1749332232901653,0.011469596767280673,364,0.0041749332232901646,1.1469596767280672e-05,0.45329670329670335,365_25_CALENDAR_DAYS_PER_YEAR,NOT_APPLICABLE_REQUIRES_365_CALENDAR_DAYS_AND_CONTIGUOUS_DAILY_RECORDS,RESET_REPORTING_HIGH_WATER_MARK_TO_GROUP_INITIAL_WEALTH_NOT_PORTFOLIO_STATE,0.0051633364583526754
numerical_only,YEAR,2022,365,2022-01-01,2022-12-31,365,False,-0.35377662466608711,-0.43661005271780085,,-11.96191925254249,-0.0010881957959670752,0.014619404509052861,0.27939896642579021,-0.3539698475690588,-1.4225661589286605,0.011333982783983105,-1.8349304489554683,0.3822536565028542,-0.92600774785895557,0.03953731988883756,2.8876817325242463,0.0079114568014362913,365,0.0028876817325242466,7.9114568014362913e-06,0.42616438356164388,365_25_CALENDAR_DAYS_PER_YEAR,REPORTED,RESET_REPORTING_HIGH_WATER_MARK_TO_GROUP_INITIAL_WEALTH_NOT_PORTFOLIO_STATE,0.0029403192975864284
numerical_only,YEAR,2023,365,2023-01-01,2023-12-31,365,False,0.58628977471568244,0.46139781441495309,,12.641036011368579,0.0013219778312362504,0.010740866456606343,0.20527422882614219,0.58679116259145314,2.3522309917821889,0.0060566961033984351,4.1714159876119421,0.093718692041958651,6.2611966706571378,0.020773473590074934,2.3820048612595937,0.0065260407157797084,365,0.0023820048612595941,6.5260407157797102e-06,0.45849315068493157,365_25_CALENDAR_DAYS_PER_YEAR,REPORTED,RESET_REPORTING_HIGH_WATER_MARK_TO_GROUP_INITIAL_WEALTH_NOT_PORTFOLIO_STATE,0.0024819498304172009
numerical_only,YEAR,2024,366,2024-01-01,2024-12-31,366,False,0.46146821567267271,0.37944155758903975,,10.367255671831687,0.001113088824511114,0.012358443106608488,0.2361885689995212,0.46033230124311564,1.7213182453106293,0.0076984739991317452,2.7632506916874395,0.12093032776863562,3.8065910325144015,0.025159643917849615,2.0854671552049884,0.0056979976918169082,366,0.0020854671552049888,5.6979976918169088e-06,0.44521857923497282,365_25_CALENDAR_DAYS_PER_YEAR,REPORTED,RESET_REPORTING_HIGH_WATER_MARK_TO_GROUP_INITIAL_WEALTH_NOT_PORTFOLIO_STATE,0.0033214410795568854
numerical_only,YEAR,2025,148,2025-01-01,2025-05-28,148,False,0.068292603423595444,0.066061676257254565,,4.463626774138822,0.00050382280070154024,0.010755896266888401,0.20556147126859478,,0.89521288605581173,0.007171954131295827,1.3425653263984783,0.12496246273866518,,0.023303426062203841,0.77722938946040165,0.0052515499287864977,148,0.0007772293894604018,5.2515499287864983e-06,0.418581081081081,365_25_CALENDAR_DAYS_PER_YEAR,NOT_APPLICABLE_REQUIRES_365_CALENDAR_DAYS_AND_CONTIGUOUS_DAILY_RECORDS,RESET_REPORTING_HIGH_WATER_MARK_TO_GROUP_INITIAL_WEALTH_NOT_PORTFOLIO_STATE,0.001482993451208439
numerical_uniform_allocator,YEAR,2021,364,2021-01-02,2021-12-31,364,False,0.26874503973408176,0.23802825423112139,,6.5392377536022366,0.00084014910620963245,0.019312898015029008,0.36909873728060538,,0.83138854200353463,0.013161782437176819,1.2199352328773201,0.28803830442753098,,0.0424055632262232,3.6783904581191975,0.010105468291536256,364,0.0036783904581191977,1.0105468291536258e-05,0.45934065934065949,365_25_CALENDAR_DAYS_PER_YEAR,NOT_APPLICABLE_REQUIRES_365_CALENDAR_DAYS_AND_CONTIGUOUS_DAILY_RECORDS,RESET_REPORTING_HIGH_WATER_MARK_TO_GROUP_INITIAL_WEALTH_NOT_PORTFOLIO_STATE,0.0044487713847157842
numerical_uniform_allocator,YEAR,2022,365,2022-01-01,2022-12-31,365,False,-0.34066066420939844,-0.41651695168101849,,-11.411423333726534,-0.0010312311469039669,0.014763588366769742,0.28215453836419807,-0.3408487373878718,-1.3349321920900457,0.011308339366861358,-1.7428190596509412,0.36817543584548529,-0.92577805090429266,0.039344067857319483,2.1918759574761637,0.0060051396095237358,365,0.0021918759574761646,6.0051396095237386e-06,0.43863013698630143,365_25_CALENDAR_DAYS_PER_YEAR,REPORTED,RESET_REPORTING_HIGH_WATER_MARK_TO_GROUP_INITIAL_WEALTH_NOT_PORTFOLIO_STATE,0.0022537671462705324
numerical_uniform_allocator,YEAR,2023,365,2023-01-01,2023-12-31,365,False,0.55990666822027624,0.44462599140775017,,12.181534011171237,0.0012721003692466066,0.01036512081111534,0.1980931603411592,0.56038179196663451,2.3455361056743289,0.0059099948981050513,4.1136693891127738,0.093718692041958679,5.9794026117623016,0.020200548356829783,1.3852515567344943,0.0037952097444780663,365,0.0013852515567344943,3.7952097444780665e-06,0.45000000000000018,365_25_CALENDAR_DAYS_PER_YEAR,REPORTED,RESET_REPORTING_HIGH_WATER_MARK_TO_GROUP_INITIAL_WEALTH_NOT_PORTFOLIO_STATE,0.0014986577086641539
numerical_uniform_allocator,YEAR,2024,366,2024-01-01,2024-12-31,366,False,0.45274100729370453,0.37345212182740345,,10.203609885994631,0.0010903265729109879,0.011827229963777284,0.2260362811298664,0.45162969238854517,1.7618489331229676,0.0073312894698442802,2.8423093344210302,0.10569863179319507,4.2728054727537286,0.024025806119303088,1.8345853590862502,0.0050125283035143452,366,0.0018345853590862504,5.0125283035143452e-06,0.42076502732240439,365_25_CALENDAR_DAYS_PER_YEAR,REPORTED,RESET_REPORTING_HIGH_WATER_MARK_TO_GROUP_INITIAL_WEALTH_NOT_PORTFOLIO_STATE,0.0029557101261358837
numerical_uniform_allocator,YEAR,2025,148,2025-01-01,2025-05-28,148,False,0.070255074201105383,0.067897007167960891,,4.5876356194568171,0.00051265394939087783,0.010416550556334586,0.19907606068083453,,0.94057946683613858,0.0069034362093485721,1.4192343162787617,0.11775870590998176,,0.022578377590574454,0.647068466930943,0.0043720842360198851,148,0.00064706846693094312,4.3720842360198858e-06,0.39999999999999991,365_25_CALENDAR_DAYS_PER_YEAR,NOT_APPLICABLE_REQUIRES_365_CALENDAR_DAYS_AND_CONTIGUOUS_DAILY_RECORDS,RESET_REPORTING_HIGH_WATER_MARK_TO_GROUP_INITIAL_WEALTH_NOT_PORTFOLIO_STATE,0.0012251542181989695
rule_adaptive,YEAR,2021,364,2021-01-02,2021-12-31,364,False,0.29128532173100041,0.25563809575792762,,7.0230246087342758,0.00088415360115486562,0.019088509690730796,0.36481033648780203,,0.88521916876281415,0.012923597432255114,1.3074931163652852,0.27318749422616745,,0.041536724851708111,4.1797077990837188,0.011482713733746481,364,0.0041797077990837189,1.148271373374648e-05,0.45398351648351665,365_25_CALENDAR_DAYS_PER_YEAR,NOT_APPLICABLE_REQUIRES_365_CALENDAR_DAYS_AND_CONTIGUOUS_DAILY_RECORDS,RESET_REPORTING_HIGH_WATER_MARK_TO_GROUP_INITIAL_WEALTH_NOT_PORTFOLIO_STATE,0.0052235792804463613
rule_adaptive,YEAR,2022,365,2022-01-01,2022-12-31,365,False,-0.34523003428963789,-0.42347130241989084,,-11.601953490955914,-0.0010563499632896085,0.014341608784421348,0.27408986930822393,-0.34541992201718552,-1.4076836369958923,0.011088195127260612,-1.8207154349577295,0.37033340235721141,-0.93272688830807882,0.038683247891433022,3.2845994418099345,0.0089989025803011904,365,0.0032845994418099341,8.9989025803011896e-06,0.41452054794520549,365_25_CALENDAR_DAYS_PER_YEAR,REPORTED,RESET_REPORTING_HIGH_WATER_MARK_TO_GROUP_INITIAL_WEALTH_NOT_PORTFOLIO_STATE,0.0033611783840402105
rule_adaptive,YEAR,2023,365,2023-01-01,2023-12-31,365,False,0.58692205314056312,0.46179632448459157,,12.651954095468261,0.0013248986107963106,0.010909896005674959,0.20850463956386711,0.58742407415494846,2.3209038350684899,0.0062000663569043921,4.0839594323973891,0.093718692041958651,6.2679499826134339,0.021284143665239251,2.6331986336803741,0.0072142428320010245,365,0.0026331986336803745,7.2142428320010256e-06,0.46589041095890416,365_25_CALENDAR_DAYS_PER_YEAR,REPORTED,RESET_REPORTING_HIGH_WATER_MARK_TO_GROUP_INITIAL_WEALTH_NOT_PORTFOLIO_STATE,0.0028229364225276716
rule_adaptive,YEAR,2024,366,2024-01-01,2024-12-31,366,False,0.50917782091178965,0.41156501307622462,,11.244945712465153,0.0012116498498962269,0.013204590880310597,0.25235973474498352,0.50790556078080829,1.7536676685835439,0.0081971488435841882,2.8249412747699592,0.12402091478798924,4.095321838651655,0.026994333645129889,3.3731783400176809,0.0092163342623433897,366,0.0033731783400176804,9.2163342623433882e-06,0.47076502732240438,365_25_CALENDAR_DAYS_PER_YEAR,REPORTED,RESET_REPORTING_HIGH_WATER_MARK_TO_GROUP_INITIAL_WEALTH_NOT_PORTFOLIO_STATE,0.0057176237422155041
rule_adaptive,YEAR,2025,148,2025-01-01,2025-05-28,148,False,0.063791143162138381,0.061839077630713224,,4.1783160561292716,0.00048029652324162365,0.011215768749096458,0.21435033104308349,,0.81841863392663805,0.0075222543909067288,1.2202716979591732,0.13044581576417591,,0.02461011654755842,1.8524317046631342,0.012516430436913068,148,0.0018524317046631346,1.2516430436913072e-05,0.44527027027027033,365_25_CALENDAR_DAYS_PER_YEAR,NOT_APPLICABLE_REQUIRES_365_CALENDAR_DAYS_AND_CONTIGUOUS_DAILY_RECORDS,RESET_REPORTING_HIGH_WATER_MARK_TO_GROUP_INITIAL_WEALTH_NOT_PORTFOLIO_STATE,0.003787827130070605
rule_fixed,YEAR,2021,364,2021-01-02,2021-12-31,364,False,0.28841309124691988,0.25341129927932399,,6.9618488813001091,0.00087989623180113874,0.019186104497347638,0.36667552108409562,,0.87647546723376202,0.012998713657466212,1.293678001288203,0.27723567194882204,,0.041728586428913042,3.8476301688971049,0.010570412551915122,364,0.003847630168897105,1.0570412551915124e-05,0.45796703296703312,365_25_CALENDAR_DAYS_PER_YEAR,NOT_APPLICABLE_REQUIRES_365_CALENDAR_DAYS_AND_CONTIGUOUS_DAILY_RECORDS,RESET_REPORTING_HIGH_WATER_MARK_TO_GROUP_INITIAL_WEALTH_NOT_PORTFOLIO_STATE,0.0047342756424708955
rule_fixed,YEAR,2022,365,2022-01-01,2022-12-31,365,False,-0.33252212780570933,-0.40424903952794045,,-11.075316151450423,-0.0010066177345913398,0.014144801816571023,0.27032859001885723,-0.33270691543372749,-1.3600748908350373,0.010863918078252733,-1.7708150639562039,0.36199306271654813,-0.91909749025839038,0.037713646496965327,3.7344146228793207,0.0102312729393954,365,0.0037344146228793203,1.0231272939395398e-05,0.41246575342465758,365_25_CALENDAR_DAYS_PER_YEAR,REPORTED,RESET_REPORTING_HIGH_WATER_MARK_TO_GROUP_INITIAL_WEALTH_NOT_PORTFOLIO_STATE,0.0038771652793356741
rule_fixed,YEAR,2023,365,2023-01-01,2023-12-31,365,False,0.61437269212777601,0.47894645529065555,,13.121820692894673,0.0013754362976008284,0.011230131037456903,0.21462481613041606,0.61490236672665499,2.3407270266148257,0.0063663660070036694,4.1289915161778756,0.096403664596421773,6.3784127844189689,0.021932723975586155,3.0804481355654758,0.0084395839330560982,365,0.0030804481355654759,8.4395839330560987e-06,0.48109589041095896,365_25_CALENDAR_DAYS_PER_YEAR,REPORTED,RESET_REPORTING_HIGH_WATER_MARK_TO_GROUP_INITIAL_WEALTH_NOT_PORTFOLIO_STATE,0.0034207734739418647
rule_fixed,YEAR,2024,366,2024-01-01,2024-12-31,366,False,0.48143100686783818,0.39300851716498997,,10.737937627458743,0.0011549543306357175,0.012741105703724392,0.24350183090822525,0.48023842362162994,1.7324184696733884,0.0079274564168736617,2.7843643262687223,0.12539947117990166,3.8296686509360649,0.026061337856202207,2.5736350871724065,0.0070317898556623128,366,0.0025736350871724063,7.0317898556623123e-06,0.45327868852459025,365_25_CALENDAR_DAYS_PER_YEAR,REPORTED,RESET_REPORTING_HIGH_WATER_MARK_TO_GROUP_INITIAL_WEALTH_NOT_PORTFOLIO_STATE,0.0043573229131780942
rule_fixed,YEAR,2025,148,2025-01-01,2025-05-28,148,False,0.055694254691209824,0.054198611819305673,,3.6620683661693025,0.00042024782205121134,0.010429111435988998,0.1993161181189243,,0.77011090950818151,0.0070673405044587448,1.1364349132838003,0.13382429806884774,,0.023134613701963909,1.2319278733982559,0.0083238369824206477,148,0.0012319278733982559,8.3238369824206488e-06,0.41587837837837843,365_25_CALENDAR_DAYS_PER_YEAR,NOT_APPLICABLE_REQUIRES_365_CALENDAR_DAYS_AND_CONTIGUOUS_DAILY_RECORDS,RESET_REPORTING_HIGH_WATER_MARK_TO_GROUP_INITIAL_WEALTH_NOT_PORTFOLIO_STATE,0.0024863799427116344
static50,YEAR,2021,364,2021-01-02,2021-12-31,364,False,0.35673976357991893,0.30508458912356828,,8.3814447561419865,0.0010626514046968467,0.021226837500982861,0.40567702019533541,,0.95675477348614713,0.014146913319513109,1.4355695582772592,0.29609074577286942,,0.045156534816043169,3.35078767037901,0.0092054606329093677,364,0.0033507876703790093,9.2054606329093667e-06,0.5,365_25_CALENDAR_DAYS_PER_YEAR,NOT_APPLICABLE_REQUIRES_365_CALENDAR_DAYS_AND_CONTIGUOUS_DAILY_RECORDS,RESET_REPORTING_HIGH_WATER_MARK_TO_GROUP_INITIAL_WEALTH_NOT_PORTFOLIO_STATE,0.0042020537495732488
static50,YEAR,2022,365,2022-01-01,2022-12-31,365,False,-0.3709119130824185,-0.46348398929252599,,-12.698191487466465,-0.0011283874466537531,0.01674986889389931,0.3201153681618838,-0.37111158841155112,-1.2874843130988338,0.012728459007318236,-1.6942501393891085,0.40211946257348002,-0.92288889982224431,0.044092541461644576,2.0889519670869507,0.0057231560742108242,365,0.0020889519670869508,5.7231560742108242e-06,0.5,365_25_CALENDAR_DAYS_PER_YEAR,REPORTED,RESET_REPORTING_HIGH_WATER_MARK_TO_GROUP_INITIAL_WEALTH_NOT_PORTFOLIO_STATE,0.0022595431299020632
static50,YEAR,2023,365,2023-01-01,2023-12-31,365,False,0.63518986044576697,0.49175892020430928,,13.472847128885187,0.0014138302056358968,0.011516830248282275,0.22010407235662527,0.63574071978651747,2.3461695964071394,0.0065664391708101866,4.1149299144681022,0.10376470063024117,6.1267532785734007,0.022444445859568406,1.3984858873428849,0.0038314681845010544,365,0.001398485887342885,3.831468184501055e-06,0.5,365_25_CALENDAR_DAYS_PER_YEAR,REPORTED,RESET_REPORTING_HIGH_WATER_MARK_TO_GROUP_INITIAL_WEALTH_NOT_PORTFOLIO_STATE,0.0015873424277206788
static50,YEAR,2024,366,2024-01-01,2024-12-31,366,False,0.53774926568589621,0.43031983158120379,,11.757372447573873,0.0012722657678749651,0.013900176715721777,0.26565343377040945,0.5363938715554093,1.7492530215812792,0.0086132961776284826,2.8229525165573421,0.12866659595520155,4.1688665777881315,0.027973820608846286,1.8377890679559454,0.005021281606437009,366,0.0018377890679559454,5.0212816064370089e-06,0.5,365_25_CALENDAR_DAYS_PER_YEAR,REPORTED,RESET_REPORTING_HIGH_WATER_MARK_TO_GROUP_INITIAL_WEALTH_NOT_PORTFOLIO_STATE,0.0032443762901283191
static50,YEAR,2025,148,2025-01-01,2025-05-28,148,False,0.086020788226730399,0.082520363342101596,,5.575700225817676,0.00064172966641136159,0.013020541550474152,0.24884227324401617,,0.94192902838057535,0.0086286459743145569,1.4213616004336407,0.14616020665682472,,0.028221622215124822,0.67384535661279787,0.004553009166302688,148,0.00067384535661279784,4.5530091663026879e-06,0.5,365_25_CALENDAR_DAYS_PER_YEAR,NOT_APPLICABLE_REQUIRES_365_CALENDAR_DAYS_AND_CONTIGUOUS_DAILY_RECORDS,RESET_REPORTING_HIGH_WATER_MARK_TO_GROUP_INITIAL_WEALTH_NOT_PORTFOLIO_STATE,0.0014425089546444287
