scope,forecast_regime,strategy,days,arithmetic_mean_daily,geometric_mean_daily,daily_volatility,annualized_volatility,sharpe_zero_cash_rate,daily_loss_cvar95,positive_day_fraction,log_growth_contribution
FULL,bull,MEMORY,531,0.0017570759563357934,0.001642463107909254,0.015203980102449416,0.2905710915620501,2.208657404980017,0.030646154165602936,0.5216572504708098,0.8714324582114685
FULL,bear,MEMORY,503,0.00016032178124230715,5.111913536067288e-05,0.014782606070974423,0.28251799550058754,0.20727009086623263,0.035421675999231995,0.4831013916500994,0.025712267897565977
FULL,mix,MEMORY,574,-0.00013107460109283025,-0.00021891077507010277,0.013240800558266983,0.25305175654309164,-0.18919053834350175,0.03269516809976074,0.4912891986062718,-0.1256685404909509
FULL,bull,NO_MEMORY,531,0.001758114114910775,0.0016431869086899354,0.01522464084915804,0.2909659497296588,2.2069633270415103,0.030646154165602936,0.5216572504708098,0.871816166061159
FULL,bear,NO_MEMORY,503,0.00016032178124230715,5.111913536067288e-05,0.014782606070974423,0.28251799550058754,0.20727009086623263,0.035421675999231995,0.4831013916500994,0.025712267897565977
FULL,mix,NO_MEMORY,574,-0.00013137635844915358,-0.00021921474944982958,0.01324096683009852,0.2530549342496698,-0.1896237078555047,0.03269516809976074,0.4912891986062718,-0.12584306001564322
FULL,bull,CASH,531,0.0,0.0,0.0,0.0,,0.0,0.0,0.0
FULL,bear,CASH,503,0.0,0.0,0.0,0.0,,0.0,0.0,0.0
FULL,mix,CASH,574,0.0,0.0,0.0,0.0,,0.0,0.0,0.0
FULL,bull,BTC_BUY_AND_HOLD,531,0.0037391337220842374,0.003252314713902689,0.03145247199327965,0.6011043856825176,2.2720156839990064,0.0622302592457303,0.5216572504708098,1.7241768475480297
FULL,bear,BTC_BUY_AND_HOLD,503,0.0005612022730935884,-9.69007930430526e-05,0.03627518625707984,0.6932737609698825,0.2956683806418255,0.08470524751671313,0.4831013916500994,-0.048743460578790976
FULL,mix,BTC_BUY_AND_HOLD,574,-0.0002558494759695211,-0.0006546800473563371,0.02815643857802557,0.5381121941088732,-0.17366085013669205,0.06903114197263002,0.4912891986062718,-0.37590941080878726
FULL,bull,STATIC45_REBALANCED_SECONDARY,531,0.0016772583569269542,0.001577981963760774,0.014153612100791082,0.27049696789659344,2.264789212357323,0.02800951651117767,0.5216572504708098,0.8372480152172844
FULL,bear,STATIC45_REBALANCED_SECONDARY,503,0.00024613522829174643,0.0001131587619163779,0.0163230303959699,0.31195783786861064,0.288182828640531,0.03812256263359351,0.4831013916500994,0.05691563705315662
FULL,mix,STATIC45_REBALANCED_SECONDARY,574,-0.0001198078807999483,-0.0002001751975815879,0.012670523569427468,0.24215289940020965,-0.18071156104498506,0.031070502616273178,0.4912891986062718,-0.11491206506824621
POST2021,bull,MEMORY,388,0.001428856115135093,0.0013470216659114825,0.012844070924272935,0.2454696522501446,2.126086427666682,0.026045317706941393,0.520618556701031,0.5222927154922439
POST2021,bear,MEMORY,380,6.13435789478928e-05,-3.412045355642473e-05,0.013833207966293963,0.2643735595209917,0.08475031410597167,0.0339616057762428,0.47368421052631576,-0.012965993555489802
POST2021,mix,MEMORY,476,8.488419436177836e-05,1.6514811959064865e-05,0.011696934655147198,0.223546140403626,0.13869151099929547,0.027542875506970158,0.4957983193277311,0.007860985581344196
POST2021,bull,NO_MEMORY,388,0.0014302768940096166,0.0013480119362786593,0.012877580233738313,0.24611006591572662,2.122662612734809,0.026062725324080806,0.520618556701031,0.5226764233419343
POST2021,bear,NO_MEMORY,380,6.13435789478928e-05,-3.412045355642473e-05,0.013833207966293963,0.2643735595209917,0.08475031410597167,0.0339616057762428,0.47368421052631576,-0.012965993555489802
POST2021,mix,NO_MEMORY,476,8.452031049091791e-05,1.6148168314408992e-05,0.011697168435938671,0.22355060830869472,0.1380942044415232,0.027546089544647143,0.4957983193277311,0.007686466056651894
POST2021,bull,CASH,388,0.0,0.0,0.0,0.0,,0.0,0.0,0.0
POST2021,bear,CASH,380,0.0,0.0,0.0,0.0,,0.0,0.0,0.0
POST2021,mix,CASH,476,0.0,0.0,0.0,0.0,,0.0,0.0,0.0
POST2021,bull,BTC_BUY_AND_HOLD,388,0.00298143124858283,0.002644712780604529,0.02610831483412181,0.49896944675521215,2.1824337554662177,0.05253926468633064,0.520618556701031,1.0247940125021187
POST2021,bear,BTC_BUY_AND_HOLD,380,0.00028055670498410555,-0.0002743596194942948,0.033319115499016914,0.6367787707688218,0.16092454899481373,0.08026679242448254,0.47368421052631576,-0.10427095993243485
POST2021,mix,BTC_BUY_AND_HOLD,476,0.00016433034893601395,-0.00015496817037230192,0.02524749350097362,0.48251784706044065,0.12439262156734426,0.05991666989035882,0.4957983193277311,-0.07377056528962644
POST2021,bull,STATIC45_REBALANCED_SECONDARY,388,0.0013370860074094573,0.0012685663469191202,0.01174874694357253,0.2245363517234666,2.175018256321228,0.02364752450338341,0.520618556701031,0.49189180982984876
POST2021,bear,STATIC45_REBALANCED_SECONDARY,380,0.00012047602971905185,8.351876851240526e-06,0.014993169467515017,0.286542180981201,0.15356855910079995,0.036126038262130324,0.47368421052631576,0.0031736999503142738
POST2021,mix,STATIC45_REBALANCED_SECONDARY,476,6.979039012479032e-05,5.303951502382189e-06,0.011361578865985785,0.2171369832578214,0.11739566245521862,0.02696850599536118,0.4957983193277311,0.00252467421976503
2021,bull,MEMORY,143,0.002647630490502729,0.002444519640198276,0.020299981723889447,0.38796340224425446,2.4926243843157327,0.0375876028105478,0.5244755244755245,0.34913974271922465
2021,bear,MEMORY,123,0.0004661080972738311,0.0003145068571017032,0.017452512046336875,0.33354394320648617,0.5104154519870057,0.03908344559040637,0.5121951219512195,0.038678261453055765
2021,mix,MEMORY,98,-0.001180017321872358,-0.0013616183398170631,0.019087147294669943,0.36478429903524856,-1.1815237880406462,0.04968026615504479,0.46938775510204084,-0.1335295260722951
2021,bull,NO_MEMORY,143,0.002647630490502729,0.002444519640198276,0.020299981723889447,0.38796340224425446,2.4926243843157327,0.0375876028105478,0.5244755244755245,0.34913974271922465
2021,bear,NO_MEMORY,123,0.0004661080972738311,0.0003145068571017032,0.017452512046336875,0.33354394320648617,0.5104154519870057,0.03908344559040637,0.5121951219512195,0.038678261453055765
2021,mix,NO_MEMORY,98,-0.001180017321872358,-0.0013616183398170631,0.019087147294669943,0.36478429903524856,-1.1815237880406462,0.04968026615504479,0.46938775510204084,-0.1335295260722951
2021,bull,CASH,143,0.0,0.0,0.0,0.0,,0.0,0.0,0.0
2021,bear,CASH,123,0.0,0.0,0.0,0.0,,0.0,0.0,0.0
2021,mix,CASH,98,0.0,0.0,0.0,0.0,,0.0,0.0,0.0
2021,bull,BTC_BUY_AND_HOLD,143,0.005794997776060086,0.004902768486721815,0.04276395354699994,0.8172839334128507,2.5898257033724588,0.07697494637154079,0.5244755244755245,0.6993828350459113
2021,bear,BTC_BUY_AND_HOLD,123,0.001428237361561911,0.0004515449999409037,0.0443257319023074,0.8471318836483659,0.6157998611312147,0.094636733797031,0.5121951219512195,0.05552749935364387
2021,mix,BTC_BUY_AND_HOLD,98,-0.002296722911224978,-0.0030783017275373423,0.03945394468572321,0.7540246498949587,-1.112533978089158,0.10123484028777191,0.46938775510204084,-0.30213884551916087
2021,bull,STATIC45_REBALANCED_SECONDARY,143,0.0026002434731003028,0.0024179970102108325,0.01924391204749052,0.3677803109373025,2.582353922452887,0.034646459179734634,0.5244755244755245,0.3453562053874356
2021,bear,STATIC45_REBALANCED_SECONDARY,123,0.0006343506385163314,0.0004370217841163219,0.01994493464619183,0.3811779147451034,0.607843638771746,0.042593400809319684,0.5121951219512195,0.053741937102842405
2021,mix,STATIC45_REBALANCED_SECONDARY,98,-0.0010407137681486787,-0.0011976163588068639,0.017754000578065608,0.3393058457588149,-1.120289286399451,0.045562052756323954,0.46938775510204084,-0.11743673928801124
2022,bear,MEMORY,321,-0.0005922615891585811,-0.0006890121778536515,0.013918152784160288,0.2659969836693817,-0.8132556334136817,0.03568564886345118,0.45482866043613707,-0.22124913952271813
2022,mix,MEMORY,44,-0.004460095403401461,-0.004603857372295499,0.016943677098663668,0.3238193365459906,-5.0307367789354265,0.05801409605715466,0.4772727272727273,-0.2030374615895603
2022,bear,NO_MEMORY,321,-0.0005922615891585811,-0.0006890121778536515,0.013918152784160288,0.2659969836693817,-0.8132556334136817,0.03568564886345118,0.45482866043613707,-0.22124913952271813
2022,mix,NO_MEMORY,44,-0.004460095403401461,-0.004603857372295499,0.016943677098663668,0.3238193365459906,-5.0307367789354265,0.05801409605715466,0.4772727272727273,-0.2030374615895603
2022,bear,CASH,321,0.0,0.0,0.0,0.0,,0.0,0.0,0.0
2022,mix,CASH,44,0.0,0.0,0.0,0.0,,0.0,0.0,0.0
2022,bear,BTC_BUY_AND_HOLD,321,-0.001335405694312335,-0.0018922344027883164,0.033308717838318,0.6365800557219318,-0.7662145954202503,0.0841034763163172,0.45482866043613707,-0.6079826477174529
2022,mix,BTC_BUY_AND_HOLD,44,-0.008883691953562445,-0.009495418737078369,0.034530693168913405,0.6599338554033586,-4.9168086460050535,0.115993086398663,0.4772727272727273,-0.419794656682885
2022,bear,STATIC45_REBALANCED_SECONDARY,321,-0.000606653832399614,-0.0007188785178958069,0.014988448763326613,0.2864519611729848,-0.7735339334966165,0.03785316612054284,0.45482866043613707,-0.2308429882221238
2022,mix,STATIC45_REBALANCED_SECONDARY,44,-0.004002869141044121,-0.004123364832108419,0.015540007095217665,0.2969930764255565,-4.922835142700163,0.052209945364661614,0.4772727272727273,-0.18180313105051393
2023,bull,MEMORY,180,0.0009237045721137655,0.000869974855606367,0.010417760511676965,0.19909918476033261,1.694547847449404,0.020950182844511913,0.5055555555555555,0.1565273964276961
2023,bear,MEMORY,1,0.0017133368484880673,0.0017133368484880673,,,,-0.0017133368484880675,1.0,0.0017118707612718295
2023,mix,MEMORY,184,0.0017339334377570361,0.001671370258913079,0.011275893966296753,0.21549941502468384,2.938844117364381,0.02056825256701224,0.5,0.3072754136170915
2023,bull,NO_MEMORY,180,0.0009237045721137655,0.000869974855606367,0.010417760511676965,0.19909918476033261,1.694547847449404,0.020950182844511913,0.5055555555555555,0.1565273964276961
2023,bear,NO_MEMORY,1,0.0017133368484880673,0.0017133368484880673,,,,-0.0017133368484880675,1.0,0.0017118707612718295
2023,mix,NO_MEMORY,184,0.0017339334377570361,0.001671370258913079,0.011275893966296753,0.21549941502468384,2.938844117364381,0.02056825256701224,0.5,0.3072754136170915
2023,bull,CASH,180,0.0,0.0,0.0,0.0,,0.0,0.0,0.0
2023,bear,CASH,1,0.0,0.0,,,,0.0,0.0,0.0
2023,mix,CASH,184,0.0,0.0,0.0,0.0,,0.0,0.0,0.0
2023,bull,BTC_BUY_AND_HOLD,180,0.0020052234008312163,0.0017516195981499391,0.02268869508526316,0.4336153331311801,1.6890727591776118,0.04581898603457075,0.5055555555555555,0.3150157142906004
2023,bear,BTC_BUY_AND_HOLD,1,0.0048979888011415,0.004897988801141501,,,,-0.0048979888011415,1.0,0.004886032678735658
2023,mix,BTC_BUY_AND_HOLD,184,0.0036362025506278604,0.003367671640208239,0.023462647766173402,0.4484067412883924,2.961871130217119,0.04315945644896499,0.5,0.6186105269015085
2023,bull,STATIC45_REBALANCED_SECONDARY,180,0.0008983513129782362,0.0008467499256256264,0.010209838930578719,0.19512548837478608,1.6815989535670548,0.020623560666820622,0.5055555555555555,0.15235049432664802
2023,bear,STATIC45_REBALANCED_SECONDARY,1,0.0022030504506085347,0.0022030504506085347,,,,-0.0022030504506085347,1.0,0.0022006272932039777
2023,mix,STATIC45_REBALANCED_SECONDARY,184,0.0016326649347191322,0.0015777371772604817,0.010557562363708932,0.20177100993200464,2.955483384888256,0.019426367961348143,0.5,0.29007486978789815
2024,bull,MEMORY,153,0.0020678754331393467,0.0019440538236778077,0.015836572706651588,0.3026608945135478,2.4955040959886468,0.03206622086385493,0.5294117647058824,0.29715148927388685
2024,bear,MEMORY,21,0.005880818604549375,0.005807854424453704,0.012489320599377985,0.23868983614658953,8.998996480070062,0.016068336186350778,0.6666666666666666,0.12161213099127288
2024,mix,MEMORY,192,1.3672509665124214e-05,-4.3901435315374275e-05,0.010765713875123518,0.2057491006342072,0.024271718028381753,0.023330675594630503,0.5052083333333334,-0.008429260610225444
2024,bull,NO_MEMORY,153,0.0020815573108080502,0.001956740541828768,0.015899507355157584,0.3038636709832772,2.5020720815766153,0.03206622086385493,0.5294117647058824,0.2990887786672347
2024,bear,NO_MEMORY,21,0.005880818604549375,0.005807854424453704,0.012489320599377985,0.23868983614658953,8.998996480070062,0.016068336186350778,0.6666666666666666,0.12161213099127288
2024,mix,NO_MEMORY,192,1.3250015773590718e-05,-4.433158306859853e-05,0.010766418046152334,0.2057625584092839,0.023520159832371382,0.023334300293059433,0.5052083333333334,-0.008511852622515772
2024,bull,CASH,153,0.0,0.0,0.0,0.0,,0.0,0.0,0.0
2024,bear,CASH,21,0.0,0.0,0.0,0.0,,0.0,0.0,0.0
2024,mix,CASH,192,0.0,0.0,0.0,0.0,,0.0,0.0,0.0
2024,bull,BTC_BUY_AND_HOLD,153,0.0040947514229131825,0.0036201551364950964,0.031063852430144378,0.5936772771292519,2.519227221313079,0.06274042160731622,0.5294117647058824,0.5528835764527457
2024,bear,BTC_BUY_AND_HOLD,21,0.014727883403720046,0.014283244710553708,0.031218839827655616,0.5966393210789113,9.016099380579165,0.04015407932711463,0.6666666666666666,0.2978262041281901
2024,mix,BTC_BUY_AND_HOLD,192,-4.1884202278222515e-06,-0.0002930483189018845,0.024128415323664484,0.46113056785243917,-0.0033175430016203493,0.05183492424166136,0.5052083333333334,-0.056273523062605205
2024,bull,STATIC45_REBALANCED_SECONDARY,153,0.0018371556211605202,0.0017405670353681784,0.013978606918315314,0.267152353752248,2.511754364893869,0.028238261331178405,0.5294117647058824,0.26607526261196945
2024,bear,STATIC45_REBALANCED_SECONDARY,21,0.006621441634025121,0.006529315633474443,0.014048979469772443,0.2684972798147078,9.00747135500475,0.018076226973955,0.6666666666666666,0.13666993170578748
2024,mix,STATIC45_REBALANCED_SECONDARY,192,-6.337318633339977e-06,-6.4898311107223e-05,0.01085794220595785,0.20751172374887178,-0.011154577625834074,0.023330675594630503,0.5052083333333334,-0.012460880081996625
2025,bull,MEMORY,55,0.0013044437894839677,0.0012483026599907517,0.010703252463070731,0.2045553684299825,2.3291889025738435,0.022198812478466525,0.5454545454545454,0.0686138297906609
2025,bear,MEMORY,37,0.0023842162858399695,0.0022988313571690048,0.013297239480366676,0.254130389841122,3.426725150610598,0.020817112139642394,0.5135135135135135,0.08495914421468351
2025,mix,MEMORY,56,-0.0015182107167344239,-0.0015692621655341698,0.010166831926151467,0.19430355937086513,-2.8539181993513028,0.027384764632245335,0.4642857142857143,-0.08794770583596163
2025,bull,NO_MEMORY,55,0.0012764062425749416,0.0012200208615455272,0.010726447522348682,0.20499866114990356,2.2741971946811255,0.022198812478466525,0.5454545454545454,0.06706024824700356
2025,bear,NO_MEMORY,37,0.0023842162858399695,0.0022988313571690048,0.013297239480366676,0.254130389841122,3.426725150610598,0.020817112139642394,0.5135135135135135,0.08495914421468351
2025,mix,NO_MEMORY,56,-0.00151985517915148,-0.0015709011508681138,0.010166290834216215,0.19429321828430737,-2.857161506135361,0.027384764632245335,0.4642857142857143,-0.08803963334836362
2025,bull,CASH,55,0.0,0.0,0.0,0.0,,0.0,0.0,0.0
2025,bear,CASH,37,0.0,0.0,0.0,0.0,,0.0,0.0,0.0
2025,mix,CASH,56,0.0,0.0,0.0,0.0,,0.0,0.0,0.0
2025,bull,BTC_BUY_AND_HOLD,55,0.0030792389926327726,0.0028567039290297025,0.02135031315581768,0.4080368270067711,2.756349347948578,0.041598896105560036,0.5454545454545454,0.15689472175877256
2025,bear,BTC_BUY_AND_HOLD,37,0.005975492851052901,0.005447199930279264,0.03324414236854992,0.6353459206722798,3.4352133111009,0.05203960311404429,0.5135135135135135,0.20099945097809246
2025,mix,BTC_BUY_AND_HOLD,56,-0.0035563107246695375,-0.003855279832119089,0.02448460979222845,0.4679379837291754,-2.7758859877836435,0.06699071257362722,0.4642857142857143,-0.21631291244564488
2025,bull,STATIC45_REBALANCED_SECONDARY,55,0.0013818422636586785,0.0013366389227916608,0.00960868407630379,0.18363650844798718,2.7484615726305184,0.018724866152589767,0.5454545454545454,0.07346605289123131
2025,bear,STATIC45_REBALANCED_SECONDARY,37,0.0026827958575237764,0.0025748261904749957,0.014959422134063673,0.2858972183166757,3.427424697344124,0.023419129255953457,0.5135135135135135,0.09514612917344653
2025,mix,STATIC45_REBALANCED_SECONDARY,56,-0.0016044127661674565,-0.0016644380061777827,0.011019515775588018,0.21059963942481055,-2.7825867339715202,0.030156063721522013,0.4642857142857143,-0.09328618443562255
