decision_date,return_date,prob_bear,prob_bull,prob_mix,canonical_asset_simple_return,exposure_cash,exposure_buy_and_hold,exposure_trend,exposure_volatility_target,exposure_drawdown_control,exposure_specialist_atp
2023-12-31,2024-01-01,4.7033182204256165e-10,0.99786104213784077,0.0021389573918271002,0.045204329055532622,0,1,0,0,0,0
2024-01-01,2024-01-02,1.6524974704739481e-11,0.9996166834573188,0.00038331652615620002,0.017207820131542428,0,1,0,0,0,0
2024-01-02,2024-01-03,2.488671974394105e-11,0.99956822692873715,0.00043177304637599998,-0.046894225442053017,0,1,0,0,0,0
2024-01-03,2024-01-04,1.0694383903071703e-08,0.98363924609675557,0.016360743208860499,0.030836140545007718,0,1,0,0,0,0
2024-01-04,2024-01-05,2.212274469181502e-09,0.99332171188658636,0.0066782859011390002,-2.2646466019127232e-06,0,1,0,0,0,0
2024-01-05,2024-01-06,2.8736850708113686e-09,0.99448843264876485,0.0055115644775499996,-0.0042801917707085968,0,1,0,0,0,0
2024-01-06,2024-01-07,2.8980369844821727e-09,0.99427097840880685,0.0057290186931560003,-0.00092340093568255011,0,1,0,0,0,0
2024-01-07,2024-01-08,2.4897942611053228e-08,0.98084582385191721,0.0191541512501399,0.069089154125111074,0,1,0,0,0,0
2024-01-08,2024-01-09,9.2147075651798972e-11,0.99850976184578322,0.0014902380620696,-0.017741928614928515,0,1,0,0,0,0
2024-01-09,2024-01-10,1.4376939187610527e-09,0.99534355230453719,0.0046564462577688998,0.010845671920050259,0,1,0,0,0,0
2024-01-10,2024-01-11,3.402401442147324e-11,0.99917873317945238,0.00082126678652360001,-0.0060283984533331392,0,1,0,0,0,0
2024-01-11,2024-01-12,1.5039969370091487e-10,0.99831513786560921,0.0016848619839913001,-0.07578072071838815,0,1,0,0,0,0
2024-01-12,2024-01-13,9.6016123696033792e-07,0.88279091484220851,0.1172081249965545,0.00035951153121560608,0,1,0,0,0,0
2024-01-13,2024-01-14,1.1812923768555387e-06,0.86317868072103365,0.1368201379865894,-0.025791516243381274,0,1,0,0,0,0
2024-01-14,2024-01-15,1.9912668930385423e-05,0.49963947809533621,0.50034060923573331,0.018315483362517648,0,1,0,0,0,0
2024-01-15,2024-01-16,6.008540730278387e-06,0.63308571944967085,0.36690827200959869,0.014932711058627701,0,1,0,0,0,0
2024-01-16,2024-01-17,1.8352025378869776e-06,0.81091381893284875,0.18908434586461331,-0.0087332398512012244,0,1,0,0,0,0
2024-01-17,2024-01-18,1.1804481691526416e-05,0.61957142289598655,0.38041677262232182,-0.034511219653625247,0,1,0,0,0,0
2024-01-18,2024-01-19,9.9717479268846161e-05,0.18082770415175281,0.81907257836897818,0.0086044264482585398,0,1,0,0,0,0
2024-01-19,2024-01-20,0.0001510531791364,0.2008546807787191,0.79899426604214452,0.0011381098732232697,0,1,0,0,0,0
2024-01-20,2024-01-21,0.00014849531086760001,0.25436181142866332,0.74548969326046888,-0.0026909443247937759,0,1,0,0,0,0
2024-01-21,2024-01-22,0.00047709077054469999,0.090868765421708506,0.90865414380774645,-0.048740837645972257,0,1,0,0,0,0
2024-01-22,2024-01-23,0.0047220155534659003,0.0017391810973389999,0.99353880334919498,0.0084031913925433077,0,1,0,0,0,0
2024-01-23,2024-01-24,0.0017923583673276999,0.0047675241791691999,0.9934401174535028,0.004943743607227935,0,1,0,0,0,0
2024-01-24,2024-01-25,0.0024406082846146998,0.0029503212417089,0.99460907047367642,-0.0037494387067804613,0,1,0,0,0,0
2024-01-25,2024-01-26,0.0023547300518156999,0.0038485358132623001,0.99379673413492198,0.046965497036486337,0,1,0,0,0,0
2024-01-26,2024-01-27,0.00059227399276479999,0.029654419495120401,0.96975330651211478,0.0074046968164107607,0,1,0,0,0,0
2024-01-27,2024-01-28,0.00050074748463180003,0.094881067733629101,0.90461818478173905,-0.0021414547172544651,0,1,0,0,0,0
2024-01-28,2024-01-29,0.00050360620303039998,0.0814356495166213,0.91806074428034823,0.03019459585493478,0,1,0,0,0,0
2024-01-29,2024-01-30,0.00018030355514159999,0.23916855538917159,0.76065114105568665,-0.0081663194749168611,0,1,0,0,0,0
2024-01-30,2024-01-31,0.00046228274591479998,0.060599771280934002,0.93893794597315117,-0.0085153051958030135,0,1,0,0,0,0
2024-01-31,2024-02-01,0.0011829431294604,0.017584766773437999,0.98123229009710156,0.011763600709244981,0,1,0,0,0,0
2024-02-01,2024-02-02,0.001085034821018,0.0278464314093586,0.97106853376962321,0.00262990524913298,0,1,0,0,0,0
2024-02-02,2024-02-03,0.00037914244278839998,0.067517340260991501,0.93210351729621999,-0.0043755368135443007,0,1,0,0,0,0
2024-02-03,2024-02-04,0.00084548685022449996,0.0191713557569602,0.97998315739281516,-0.0098661340240944195,0,1,0,0,0,0
2024-02-04,2024-02-05,0.0010956067514918,0.013879300715513399,0.98502509253299464,0.0027194972452759814,0,1,0,0,0,0
2024-02-05,2024-02-06,0.00050293961085789995,0.080525621879032699,0.91897143851010943,0.0091457987877425762,0,1,0,0,0,0
2024-02-06,2024-02-07,0.0002063549312173,0.2416168471237575,0.75817679794502502,0.029059337119410111,0,1,0,0,0,0
2024-02-07,2024-02-08,6.7977971716814167e-05,0.39629911859829592,0.60363290342998721,0.021504382067578209,0,1,0,0,0,0
2024-02-08,2024-02-09,9.3111765089258712e-06,0.74412839191564661,0.2558622969078444,0.040496055708018508,0,1,0,0,0,0
2024-02-09,2024-02-10,1.1385017537090061e-06,0.87767956919325907,0.1223192923049871,0.013382844411437,0,1,0,0,0,0
2024-02-10,2024-02-11,1.8197305748872261e-07,0.96867618650822696,0.031323631518715499,0.010869337621602249,0,1,0,0,0,0
2024-02-11,2024-02-12,4.4138619870383409e-09,0.99509148694443983,0.0049085086416981996,0.034467544788130189,0,1,0,0,0,0
2024-02-12,2024-02-13,5.3753680683506144e-10,0.99810609346535384,0.0018939059971094,-0.0045112962618114594,0,1,0,0,0,0
2024-02-13,2024-02-14,3.3707891245661836e-10,0.99877223708804364,0.0012277625748775001,0.041564083997103651,0,1,0,0,0,0
2024-02-14,2024-02-15,2.2487422728910961e-11,0.99966668989696361,0.000333310080549,0.002296146953405076,0,1,0,0,0,0
2024-02-15,2024-02-16,1.6397642634935875e-11,0.9997370820952336,0.00026291788836869999,0.0044873635149793589,0,1,0,0,0,0
2024-02-16,2024-02-17,2.0755434024493749e-12,0.99991714725619996,8.285274172441706e-05,-0.0093642944554629404,0,1,0,0,0,0
2024-02-17,2024-02-18,1.0017620532397277e-12,0.99994726466346762,5.2735335530412552e-05,0.0091294582349068509,0,1,0,0,0,0
2024-02-18,2024-02-19,5.9091116787119494e-13,0.9999656905234372,3.4309475971775522e-05,-0.0064066772197438615,0,1,0,0,0,0
2024-02-19,2024-02-20,5.6201923391243612e-12,0.99985416121293402,0.00014583878144579999,0.0092674128488556828,0,1,0,0,0,0
2024-02-20,2024-02-21,6.6069380378129063e-13,0.9999571038327244,4.2896166614801563e-05,-0.0077549341318511322,0,1,0,0,0,0
2024-02-21,2024-02-22,7.2379782444690073e-14,0.99998684130069959,1.3158699227763248e-05,-0.01037058748664621,0,1,0,0,0,0
2024-02-22,2024-02-23,7.6088849737261381e-13,0.99994616486569998,5.3835133539172703e-05,-0.011299600159001111,0,1,0,0,0,0
2024-02-23,2024-02-24,1.9429475209662883e-11,0.99963460019839645,0.00036539978217390001,0.016379420778273701,0,1,0,0,0,0
2024-02-24,2024-02-25,5.2194634613327498e-13,0.99995661807682457,4.3381922653369129e-05,0.0029299071582034042,0,1,0,0,0,0
2024-02-25,2024-02-26,9.1598452831853763e-13,0.99993782638805995,6.2173611024072514e-05,0.053601223447345303,0,1,0,0,0,0
2024-02-26,2024-02-27,3.1643832550597904e-14,0.99998318389470675,1.6816105261425217e-05,0.046996885958554113,0,1,0,0,0,0
2024-02-27,2024-02-28,4.7609682919536362e-16,0.99999856417502841,1.4358249713340443e-06,0.094843329909808149,0,1,0,0,0,0
2024-02-28,2024-02-29,8.8548676710336757e-19,0.99999992383045322,7.6169546829461031e-08,-0.020783574204867761,0,1,0,0,0,0
2024-02-29,2024-03-01,1.6750232404399422e-17,0.99999981209022082,1.879097790145157e-07,0.02008196922312333,0,1,0,0,0,0
2024-03-01,2024-03-02,1.0593325599795998e-18,0.99999996410096481,3.5899035034705491e-08,-0.0064617766359977846,0,1,0,0,0,0
2024-03-02,2024-03-03,1.4323507355095433e-17,0.99999988035217524,1.1964782477957361e-07,0.018409697634467648,0,1,0,0,0,0
2024-03-03,2024-03-04,1.9110048930664495e-18,0.99999995939029396,4.0609706013042564e-08,0.081321532316055212,0,1,0,0,0,0
2024-03-04,2024-03-05,2.7354200395549162e-21,0.99999999774934645,2.2506533279610118e-09,-0.065585080437849164,0,1,0,0,0,0
2024-03-05,2024-03-06,1.3519289269022339e-17,0.99999982263867115,1.773613285281473e-07,0.035863093838470306,0,1,0,0,0,0
2024-03-06,2024-03-07,6.3915393654290852e-19,0.99999995908103156,4.0918968380378185e-08,0.011726623930848001,0,1,0,0,0,0
2024-03-07,2024-03-08,5.2446880362198266e-19,0.99999997729450396,2.2705496045187729e-08,0.019694773637991325,0,1,0,0,0,0
2024-03-08,2024-03-09,3.8710378216729008e-19,0.99999997847039301,2.1529606940201157e-08,0.0028530775098281058,0,1,0,0,0,0
2024-03-09,2024-03-10,4.8060390185411809e-19,0.99999998637663923,1.3623360722094365e-08,0.0087513621437400602,0,1,0,0,0,0
2024-03-10,2024-03-11,1.3550945357533285e-18,0.9999999718302538,2.8169746136087455e-08,0.045447822657355585,0,1,0,0,0,0
2024-03-11,2024-03-12,2.5230045197543728e-20,0.99999999564387843,4.3561217371162221e-09,-0.0087227163723265777,0,1,0,0,0,0
2024-03-12,2024-03-13,1.6954106969175793e-19,0.99999998903345821,1.0966541849942601e-08,0.022332384686204909,0,1,0,0,0,0
2024-03-13,2024-03-14,4.7415982813400756e-20,0.99999999243705484,7.5629450939635108e-09,-0.022976392673503376,0,1,0,0,0,0
2024-03-14,2024-03-15,4.1939046629859792e-19,0.99999997749891556,2.2501084202954962e-08,-0.026948695499912523,0,1,0,0,0,0
2024-03-15,2024-03-16,5.2811093190081865e-17,0.99999964351089077,3.5648910905674388e-07,-0.059736236336388693,0,1,0,0,0,0
2024-03-16,2024-03-17,5.6326420636131352e-13,0.99995544476656462,4.4555232872065648e-05,0.047110735490903943,0,1,0,0,0,0
2024-03-17,2024-03-18,1.4918676242289018e-14,0.99999244472939763,7.5552705873360557e-06,-0.011655008246674869,0,1,0,0,0,0
2024-03-18,2024-03-19,3.1643475582294039e-14,0.99998881470055223,1.1185299416073709e-05,-0.082020472200976191,0,1,0,0,0,0
2024-03-19,2024-03-20,1.0451404929432704e-09,0.99776505281895356,0.0022349461359057999,0.093537469782433602,0,1,0,0,0,0
2024-03-20,2024-03-21,6.0317399826445272e-13,0.99991356468294401,8.6435316452504102e-05,-0.034636130515518615,0,1,0,0,0,0
2024-03-21,2024-03-22,9.7686024834999285e-11,0.99935175846267843,0.00064824143963539995,-0.026232065925946291,0,1,0,0,0,0
2024-03-22,2024-03-23,5.4046585287689417e-10,0.99802471719178498,0.0019752822677490999,0.0039554444191862714,0,1,0,0,0,0
2024-03-23,2024-03-24,3.6044147841276916e-10,0.99875667756910003,0.0012433220704584,0.049566037559066523,0,1,0,0,0,0
2024-03-24,2024-03-25,2.3998222108629121e-12,0.99991595552105605,8.4044476543976735e-05,0.039875379211121942,0,1,0,0,0,0
2024-03-25,2024-03-26,5.1424552089105886e-13,0.99995173909585477,4.8260903631078095e-05,0.0015352257769130073,0,1,0,0,0,0
2024-03-26,2024-03-27,2.3149748833697315e-12,0.99987551553439535,0.00012448446328950001,-0.0079557938436528586,0,1,0,0,0,0
2024-03-27,2024-03-28,1.0411220317616226e-11,0.99970227471411,0.0002977252754787,0.01900423948481067,0,1,0,0,0,0
2024-03-28,2024-03-29,4.4411339642267068e-12,0.99986937070216164,0.000130629293397,-0.012583007005162461,0,1,0,0,0,0
2024-03-29,2024-03-30,9.515311607647028e-11,0.99925919594737078,0.00074080395747590005,-0.0037239683591496764,0,1,0,0,0,0
2024-03-30,2024-03-31,7.2417200912867457e-11,0.99911925171225324,0.00088074821532940003,0.024715743806698498,0,1,0,0,0,0
2024-03-31,2024-04-01,1.0035325595759474e-11,0.99975582336424085,0.00024417662572380001,-0.023378007065552708,0,1,0,0,0,0
2024-04-01,2024-04-02,1.4708200319847183e-10,0.99873824815755397,0.0012617516953638999,-0.06065077715447198,0,1,0,0,0,0
2024-04-02,2024-04-03,2.042653711022251e-07,0.95455049317571916,0.045449302558909603,0.0080043765816208978,0,1,0,0,0,0
2024-04-03,2024-04-04,2.2839325294416175e-07,0.93402333955540517,0.065976432051341793,0.038407895335263786,0,1,0,0,0,0
2024-04-04,2024-04-05,1.4383545610848651e-09,0.99554626833657278,0.0044537302250724003,-0.0097216646106004223,0,1,0,0,0,0
2024-04-05,2024-04-06,1.3858380220710355e-08,0.98870594024213798,0.011294045899481599,0.015627165320666547,0,1,0,0,0,0
2024-04-06,2024-04-07,1.0896076396174491e-08,0.99017910490543637,0.0098208841984871002,0.0068195080315744949,0,1,0,0,0,0
2024-04-07,2024-04-08,2.5990050588479349e-08,0.98227314134372157,0.0177268326662278,0.032723283026049543,0,1,0,0,0,0
2024-04-08,2024-04-09,1.410731780537498e-08,0.98366866962416244,0.016331316268519702,-0.034651633880170563,0,1,0,0,0,0
2024-04-09,2024-04-10,1.7660137128950501e-06,0.85284255970401723,0.14715567428226989,0.021318042459651743,0,1,0,0,0,0
2024-04-10,2024-04-11,4.8408171942987337e-07,0.90887816629554696,0.091121349622733494,-0.0086446027518297663,0,1,0,0,0,0
2024-04-11,2024-04-12,2.0736589329017096e-06,0.79876280745279393,0.2012351188882732,-0.040846088362500144,0,1,0,0,0,0
2024-04-12,2024-04-13,7.83464240935403e-05,0.1526850415992336,0.84723661197667266,-0.049172100863862256,0,1,0,0,0,0
2024-04-13,2024-04-14,0.00044399099417409999,0.033041190245246897,0.96651481876057876,0.028935049232653443,0,1,0,0,0,0
2024-04-14,2024-04-15,0.0001137964194653,0.13306436723144641,0.86682183634908805,-0.034788286903286836,0,1,0,0,0,0
2024-04-15,2024-04-16,0.00028888498642940002,0.050576388075764103,0.94913472693780643,0.0062038828674113589,0,1,0,0,0,0
2024-04-16,2024-04-17,0.00029281466674670003,0.083134185090933399,0.9165730002423198,-0.03959545680374521,0,1,0,0,0,0
2024-04-17,2024-04-18,0.0010545348140473,0.022277110241964802,0.97666835494398763,0.035942224811476686,0,1,0,0,0,0
2024-04-18,2024-04-19,5.6908548314973129e-05,0.21722997417433429,0.78271311727735071,0.0050046155251775026,0,1,0,0,0,0
2024-04-19,2024-04-20,5.7628670348797336e-05,0.21963780268705149,0.78030456864259956,0.018213423073366153,0,1,0,0,0,0
2024-04-20,2024-04-21,9.4933648524718486e-06,0.66107593888444094,0.33891456775070661,-0.00032173100517085551,0,1,0,0,0,0
2024-04-21,2024-04-22,1.2367563926222204e-05,0.6282361833347182,0.37175144910135549,0.029089839575486387,0,1,0,0,0,0
2024-04-22,2024-04-23,4.2128233750394551e-06,0.74005910103723016,0.25993668613939469,-0.0061993766207337764,0,1,0,0,0,0
2024-04-23,2024-04-24,1.6390571521838746e-05,0.54201564552749892,0.45796796390097921,-0.032060528495068907,0,1,0,0,0,0
2024-04-24,2024-04-25,8.8285623626818682e-05,0.087553346237831994,0.91235836813854121,0.0032884451752099864,0,1,0,0,0,0
2024-04-25,2024-04-26,8.6367454874389262e-05,0.085042632192315601,0.91487100035280999,-0.011329191545046191,0,1,0,0,0,0
2024-04-26,2024-04-27,0.00014627315009479999,0.059943103211052597,0.93991062363885236,-0.0048552215586892267,0,1,0,0,0,0
2024-04-27,2024-04-28,0.00041304269475749998,0.031870950491179002,0.96771600681406345,-0.0054698629618891159,0,1,0,0,0,0
2024-04-28,2024-04-29,0.00059269163489190002,0.012035703377341601,0.98737160498776622,0.011890406704516021,0,1,0,0,0,0
2024-04-29,2024-04-30,0.00020484054628330001,0.078852597194616805,0.92094256225909976,-0.050007751318898674,0,1,0,0,0,0
2024-04-30,2024-05-01,0.0026101933954499998,0.0024624040342621999,0.99492740257028756,-0.038495646698512909,0,1,0,0,0,0
2024-05-01,2024-05-02,0.0298688258816283,0.00025893244047890001,0.96987224167789243,0.013545066791014193,0,1,0,0,0,0
2024-05-02,2024-05-03,0.0072910369680911002,0.0010014549681742,0.99170750806373476,0.063533785623793637,0,1,0,0,0,0
2024-05-03,2024-05-04,0.0022309762513913001,0.0028112820735639002,0.99495774167504436,0.016075702755357746,0,1,0,0,0,0
2024-05-04,2024-05-05,0.001852454097571,0.0063694729739773,0.99177807292845155,0.0018485387778357509,0,1,0,0,0,0
2024-05-05,2024-05-06,0.0012029524611344,0.0121180984683322,0.98667894907053322,-0.013175244975502487,0,1,0,0,0,0
2024-05-06,2024-05-07,0.0034735459486893001,0.0016869845381913,0.99483946951311919,-0.013384396902621942,0,1,0,0,0,0
2024-05-07,2024-05-08,0.013579145014892499,0.00038435490971279999,0.98603650007539456,-0.017815163268220746,0,1,0,0,0,0
2024-05-08,2024-05-09,0.039956661142594503,0.00012762960703009999,0.95991570925037517,0.030510966793285244,0,1,0,0,0,0
2024-05-09,2024-05-10,0.0057354882601004997,0.0011007334482229,0.99316377829167635,-0.036117320650019824,0,1,0,0,0,0
2024-05-10,2024-05-11,0.040250357746787598,0.000103712253503,0.95964592999970921,0.00048851174977659895,0,1,0,0,0,0
2024-05-11,2024-05-12,0.019961059233688599,0.00017616761645260001,0.97986277314985881,0.010742010896548582,0,1,0,0,0,0
2024-05-12,2024-05-13,0.0072329368966317998,0.00081544346672650001,0.99195161963664158,0.023702016916070212,0,1,0,0,0,0
2024-05-13,2024-05-14,0.0013370487728186001,0.0051238583166647996,0.99353909291051645,-0.021732774893067908,0,1,0,0,0,0
2024-05-14,2024-05-15,0.0056164091738574997,0.0017029204459203999,0.99268067038022201,0.07561710849870229,0,1,0,0,0,0
2024-05-15,2024-05-16,0.00018822740684279999,0.070704489103535606,0.92910728348962124,-0.015010924860815678,0,1,0,0,0,0
2024-05-16,2024-05-17,0.0012203923794208999,0.0167484876251934,0.98203111999538562,0.027683156781284968,0,1,0,0,0,0
2024-05-17,2024-05-18,0.0002045641903003,0.089413392645436698,0.91038204316426286,-0.0017796195522459257,0,1,0,0,0,0
2024-05-18,2024-05-19,0.00031302737811700001,0.0456239544667566,0.9540630181551264,-0.0095401053536069425,0,1,0,0,0,0
2024-05-19,2024-05-20,0.00084820128171050001,0.010537190241895899,0.98861460847639338,0.077605157583612083,0,1,0,0,0,0
2024-05-20,2024-05-21,6.4480042714588044e-05,0.096323194252420294,0.90361232570486505,-0.017960676367597461,0,1,0,0,0,0
2024-05-21,2024-05-22,0.00015648081088199999,0.062596593120904695,0.93724692606821325,-0.014036233299448697,0,1,0,0,0,0
2024-05-22,2024-05-23,0.00030414696488500001,0.0289194436311693,0.97077640940394561,-0.0170586823299409,0,1,0,0,0,0
2024-05-23,2024-05-24,0.00070092882488089999,0.018685563001857201,0.98061350817326165,0.0084133006353741546,0,1,0,0,0,0
2024-05-24,2024-05-25,0.00029525609330469999,0.067217470339345303,0.93248727356734984,0.010748735185476699,0,1,0,0,0,0
2024-05-25,2024-05-26,0.00024600991659000002,0.1123002627517805,0.88745372733162942,-0.011107839571389722,0,1,0,0,0,0
2024-05-26,2024-05-27,0.000408418976604,0.053424793631442598,0.94616678739195315,0.013338723896150873,0,1,0,0,0,0
2024-05-27,2024-05-28,0.00010526892734860001,0.20606214197333,0.79383258909932131,-0.015306350255729906,0,1,0,0,0,0
2024-05-28,2024-05-29,0.00024889315835649998,0.15489523362279911,0.84485587321884426,-0.010680747740104635,0,1,0,0,0,0
2024-05-29,2024-05-30,0.00070456382817790002,0.030874240574588201,0.96842119559723361,0.010628986424349174,0,1,0,0,0,0
2024-05-30,2024-05-31,0.00021280665135260001,0.1172353821429207,0.88255181120572657,-0.0120635450086094,0,1,0,0,0,0
2024-05-31,2024-06-01,0.0002238907386351,0.0916354827221669,0.9081406265391978,0.003416254381379602,0,1,0,0,0,0
2024-06-01,2024-06-02,0.0001402332216471,0.1874418514764182,0.81241791530193463,0.00018742399735538484,0,1,0,0,0,0
2024-06-02,2024-06-03,0.00018678540725089999,0.1043886268421262,0.89542458775062272,0.015261127136712682,0,1,0,0,0,0
2024-06-03,2024-06-04,0.00013398946020049999,0.045669702807363897,0.95419630773243536,0.025308177270600085,0,1,0,0,0,0
2024-06-04,2024-06-05,6.8821163142934909e-05,0.21582532447890251,0.78410585435795455,0.0075762730123092314,0,1,0,0,0,0
2024-06-05,2024-06-06,4.6945171538008982e-05,0.35549208340706828,0.64446097142139358,-0.0041106470259707484,0,1,0,0,0,0
2024-06-06,2024-06-07,3.9681413671302923e-05,0.45706143324471249,0.54289888534161623,-0.020392278734028935,0,1,0,0,0,0
2024-06-07,2024-06-08,0.00013848778391409999,0.13774402673307229,0.86211748548301348,-0.00054507778894508085,0,1,0,0,0,0
2024-06-08,2024-06-09,0.00025564835777180001,0.070105469887130095,0.92963888175509801,0.0049127039204963641,0,1,0,0,0,0
2024-06-09,2024-06-10,4.3023865449536666e-05,0.4306485082737776,0.56930846786077283,-0.001613769299905643,0,1,0,0,0,0
2024-06-10,2024-06-11,0.0001140069934382,0.147737858190226,0.85214813481633556,-0.031901889896488456,0,1,0,0,0,0
2024-06-11,2024-06-12,0.0006895656024298,0.023450857035619398,0.97585957736195061,0.013967658846282927,0,1,0,0,0,0
2024-06-12,2024-06-13,0.0003394682815153,0.042036958089451397,0.95762357362903316,-0.021784322027070036,0,1,0,0,0,0
2024-06-13,2024-06-14,0.00068958615525070005,0.018602495745935001,0.98070791809881441,-0.011056847742578979,0,1,0,0,0,0
2024-06-14,2024-06-15,0.0011559269704566001,0.0097869716041544003,0.98905710142538883,0.0028500124176948916,0,1,0,0,0,0
2024-06-15,2024-06-16,0.00066550377556049995,0.026641369973513799,0.97269312625092563,0.0068208930432025472,0,1,0,0,0,0
2024-06-16,2024-06-17,0.00058565170880239999,0.030842880378512901,0.96857146791268445,-0.0026381820990569738,0,1,0,0,0,0
2024-06-17,2024-06-18,0.00078820272564019995,0.014358111854635799,0.98485368541972385,-0.020134197910338214,0,1,0,0,0,0
2024-06-18,2024-06-19,0.0017494377166427,0.0029599284600063999,0.99529063382335081,-0.0027470883165873206,0,1,0,0,0,0
2024-06-19,2024-06-20,0.0020034000348467,0.0013349964798886,0.99666160348526445,-0.00194826479780974,0,1,0,0,0,0
2024-06-20,2024-06-21,0.0021168095125000002,0.0011104339269035,0.99677275656059638,-0.011191239439790501,0,1,0,0,0,0
2024-06-21,2024-06-22,0.0033077415059151998,0.00092198333484780001,0.99577027515923677,0.0020661640300334572,0,1,0,0,0,0
2024-06-22,2024-06-23,0.0012601325032863999,0.0033775341507802999,0.99536233334593316,-0.016569925771463323,0,1,0,0,0,0
2024-06-23,2024-06-24,0.0036302747299961002,0.00058460405921300002,0.99578512121079077,-0.04594421816501626,0,1,0,0,0,0
2024-06-24,2024-06-25,0.059859629552528798,2.024086028302447e-05,0.94012012958718816,0.025155615853992286,0,1,0,0,0,0
2024-06-25,2024-06-26,0.017706674527782799,0.00016548796726619999,0.98212783750495081,-0.015531618168110328,0,1,0,0,0,0
2024-06-26,2024-06-27,0.042403199692185201,3.9219390422764639e-05,0.95755758091739196,0.01373719379320093,0,1,0,0,0,0
2024-06-27,2024-06-28,0.018721327436255202,0.00016257497543759999,0.98111609758830676,-0.020782909380354764,0,1,0,0,0,0
2024-06-28,2024-06-29,0.0437514335852335,5.4567662523984162e-05,0.95619399875224242,0.0094382260571856946,0,1,0,0,0,0
2024-06-29,2024-06-30,0.032686608739467701,0.00011337432938739999,0.96720001693114477,0.029207818491342241,0,1,0,0,0,0
2024-06-30,2024-07-01,0.0087166416139107007,0.00068171940929170004,0.99060163897679765,0.0021639951365881593,0,1,0,0,0,0
2024-07-01,2024-07-02,0.01594416916158,0.00031523207081399999,0.983740598767606,-0.012510713132909523,0,1,0,0,0,0
2024-07-02,2024-07-03,0.0392366503071526,0.00013976653113330001,0.96062358316171403,-0.030658596242067682,0,1,0,0,0,0
2024-07-03,2024-07-04,0.18788125636090861,1.3698267454851052e-05,0.81210504537163652,-0.052708254082688644,0,1,0,0,0,0
2024-07-04,2024-07-05,0.81095917910431725,6.9693559292499644e-08,0.18904075120212341,-0.0067425030205361391,0,1,0,0,0,0
2024-07-05,2024-07-06,0.88216793291588302,2.4638965897187216e-08,0.117832042445151,0.028554883495933936,0,1,0,0,0,0
2024-07-06,2024-07-07,0.64555313764744515,5.7843985675396773e-07,0.35444628391269822,-0.041162597495331132,0,1,0,0,0,0
2024-07-07,2024-07-08,0.8532875631793656,6.4957194404488983e-08,0.1467123718634398,0.015459774333122622,0,1,0,0,0,0
2024-07-08,2024-07-09,0.70877453712969096,3.1078045442884049e-07,0.29122515208985439,0.023176852411735949,0,1,0,0,0,0
2024-07-09,2024-07-10,0.60242231207572172,1.2546146218287498e-06,0.39757643330965642,-0.0050431258765597509,0,1,0,0,0,0
2024-07-10,2024-07-11,0.60422428805764605,1.418642098993754e-06,0.39577429330025482,-0.0070895826081835978,0,1,0,0,0,0
2024-07-11,2024-07-12,0.63533307245368442,1.3524160906445858e-06,0.36466557513022491,0.009553990159983039,0,1,0,0,0,0
2024-07-12,2024-07-13,0.68440175348222998,2.0751468873136734e-06,0.31559617137088258,0.022884991128977905,0,1,0,0,0,0
2024-07-13,2024-07-14,0.32270808204402462,2.2614121730477529e-05,0.67726930383424477,0.02677090616756006,0,1,0,0,0,0
2024-07-14,2024-07-15,0.13643359194899821,6.6796385354702889e-05,0.86349961166564693,0.065589383319982542,0,1,0,0,0,0
2024-07-15,2024-07-16,0.013881837032118999,0.0004594184741059,0.985658744493775,0.0041261206747511547,0,1,0,0,0,0
2024-07-16,2024-07-17,0.015625342698817601,0.00082270729139180001,0.98355195000979045,-0.014765633046731952,0,1,0,0,0,0
2024-07-17,2024-07-18,0.021154176669122102,0.00051182565141080002,0.97833399767946683,-0.0016960735974235197,0,1,0,0,0,0
2024-07-18,2024-07-19,0.0166525503184131,0.0015413339995233,0.98180611568206355,0.042151905658755373,0,1,0,0,0,0
2024-07-19,2024-07-20,0.0024364641831697998,0.015784164776551299,0.98177937104027857,0.0070653624766412459,0,1,0,0,0,0
2024-07-20,2024-07-21,0.0011620867331799999,0.0581385207531879,0.94069939251363177,0.015044267556237223,0,1,0,0,0,0
2024-07-21,2024-07-22,0.00026722205245869999,0.28264795782389052,0.71708482012365082,-0.0088778101695013989,0,1,0,0,0,0
2024-07-22,2024-07-23,0.00057613110017680003,0.13468418235077301,0.86473968654904998,-0.023918784491130052,0,1,0,0,0,0
2024-07-23,2024-07-24,0.0011517095668696,0.042929760980451301,0.95591852945267897,-0.008603562751562932,0,1,0,0,0,0
2024-07-24,2024-07-25,0.00092520806685640004,0.045537183763558198,0.95353760816958522,0.0065595337346358029,0,1,0,0,0,0
2024-07-25,2024-07-26,0.0007923778827535,0.096620046814553703,0.90258757530269285,0.032056572030401576,0,1,0,0,0,0
2024-07-26,2024-07-27,8.2749466074382203e-05,0.45844821400327151,0.54146903653065404,-0.00096453173824817551,0,1,0,0,0,0
2024-07-27,2024-07-28,0.00025799043466480002,0.19075452700279091,0.80898748256254416,0.0060905235757209297,0,1,0,0,0,0
2024-07-28,2024-07-29,7.0740023764051548e-05,0.49674301718214792,0.50318624279408786,-0.021354805343975714,0,1,0,0,0,0
2024-07-29,2024-07-30,0.00043513441499299998,0.061602453721158502,0.93796241186384843,-0.0091888015784739041,0,1,0,0,0,0
2024-07-30,2024-07-31,0.0010438103647986,0.039829675748971401,0.95912651388623005,-0.023553710891759172,0,1,0,0,0,0
2024-07-31,2024-08-01,0.0039696582341048996,0.0076850950660656003,0.98834524669982915,0.01155726797264256,0,1,0,0,0,0
2024-08-01,2024-08-02,0.0015182296835951001,0.031317968747062198,0.96716380156934256,-0.059569026309067019,0,1,0,0,0,0
2024-08-02,2024-08-03,0.017857465409783099,0.00099310391460149996,0.98114943067561544,-0.012719852566823953,0,1,0,0,0,0
2024-08-03,2024-08-04,0.015570178817839,0.00082522226992520005,0.98360459891223562,-0.042092897966446219,0,1,0,0,0,0
2024-08-04,2024-08-05,0.0523031706185716,0.0001982935456715,0.94749853583575683,-0.071597370566442775,0,1,0,0,0,0
2024-08-05,2024-08-06,0.68898410537870758,1.0937135454809838e-06,0.31101480090774691,0.038511272902425064,0,1,0,0,0,0
2024-08-06,2024-08-07,0.35199792866919488,1.2852530398016626e-05,0.64798921880040705,-0.016713106829022939,0,1,0,0,0,0
2024-08-07,2024-08-08,0.64051512559962565,2.7682852818036065e-06,0.35948210611509263,0.11935218764570243,0,1,0,0,0,0
2024-08-08,2024-08-09,0.049112770686251098,0.0001082490691922,0.95077898024455643,-0.01376181731839865,0,1,0,0,0,0
2024-08-09,2024-08-10,0.27116314309416928,8.551480646452661e-05,0.7287513420993661,0.0013327723966567451,0,1,0,0,0,0
2024-08-10,2024-08-11,0.1646463945850585,0.00020692653405090001,0.83514667888089045,-0.036407978113198736,0,1,0,0,0,0
2024-08-11,2024-08-12,0.57267075019565827,1.2216765379319899e-05,0.42731703303896218,0.010844220985705144,0,1,0,0,0,0
2024-08-12,2024-08-13,0.5150502136476065,1.3597042079147581e-05,0.48493618931031429,0.020980623420387534,0,1,0,0,0,0
2024-08-13,2024-08-14,0.34961240147643358,3.601740218641658e-05,0.65035158112138003,-0.031147681664554172,0,1,0,0,0,0
2024-08-14,2024-08-15,0.51436912565580295,2.060534159033019e-06,0.48562881381003808,-0.019983715962785253,0,1,0,0,0,0
2024-08-15,2024-08-16,0.69869001380064821,6.0388377933342158e-07,0.30130938231557242,0.023335523319880425,0,1,0,0,0,0
2024-08-16,2024-08-17,0.42755587353304209,5.0677981109410647e-06,0.57243905866884692,0.01029091057319298,0,1,0,0,0,0
2024-08-17,2024-08-18,0.30129190043081638,2.183413571849252e-05,0.69868626543346501,-0.017430160835598563,0,1,0,0,0,0
2024-08-18,2024-08-19,0.5943564255158853,3.5093548239608267e-06,0.40564006512929057,0.017530622126635809,0,1,0,0,0,0
2024-08-19,2024-08-20,0.63339774614579247,9.3188068336919049e-06,0.36659293504737361,-0.007820631603019268,0,1,0,0,0,0
2024-08-20,2024-08-21,0.7444666360768879,1.4266000217159031e-06,0.25553193732309032,0.036476075233282002,0,1,0,0,0,0
2024-08-21,2024-08-22,0.40824959743775341,2.3964247950981283e-05,0.59172643831429561,-0.012850301104841422,0,1,0,0,0,0
2024-08-22,2024-08-23,0.43128696532207,8.2747643135198779e-06,0.56870475991361635,0.060970115384233248,0,1,0,0,0,0
2024-08-23,2024-08-24,0.035005280097031397,0.00032250414295189998,0.96467221576001638,0.0016579993786405289,0,1,0,0,0,0
2024-08-24,2024-08-25,0.082726817158090798,0.0002735498542218,0.91699963298768761,0.0017752687451388915,0,1,0,0,0,0
2024-08-25,2024-08-26,0.0748129772278497,0.0002076556850677,0.92497936708708262,-0.0222020997865362,0,1,0,0,0,0
2024-08-26,2024-08-27,0.1103952110090074,8.7801763055205442e-05,0.88951698722793726,-0.05402554171930829,0,1,0,0,0,0
2024-08-27,2024-08-28,0.57951149897493737,3.224760355516878e-06,0.42048527626470689,-0.0073152803405835964,0,1,0,0,0,0
2024-08-28,2024-08-29,0.58393891973178014,4.6140957370474445e-06,0.41605646617248271,0.0060576792734172713,0,1,0,0,0,0
2024-08-29,2024-08-30,0.40138390268710789,1.3931547528479028e-05,0.59860216576536363,-0.0042746343065509507,0,1,0,0,0,0
2024-08-30,2024-08-31,0.37007682600460617,2.5392267216428872e-05,0.62989778172817734,-0.0023866832883117084,0,1,0,0,0,0
2024-08-31,2024-09-01,0.49020723886961071,9.2769784394027063e-06,0.50978348415194985,-0.02819497241372293,0,1,0,0,0,0
2024-09-01,2024-09-02,0.56470085476438914,4.9502755314079168e-06,0.43529419496007948,0.031724291947930583,0,1,0,0,0,0
2024-09-02,2024-09-03,0.1554414739217771,0.0001192475725776,0.84443927850564515,-0.027973754523624272,0,1,0,0,0,0
2024-09-03,2024-09-04,0.29156583081473958,4.8996252689278447e-05,0.70838517293257086,0.0085873646046088492,0,1,0,0,0,0
2024-09-04,2024-09-05,0.0599654946617596,0.00036993409576689998,0.93966457124247316,-0.030879679301196838,0,1,0,0,0,0
2024-09-05,2024-09-06,0.21695402676332701,4.9140905104616425e-05,0.78299683233156836,-0.039449515157555903,0,1,0,0,0,0
2024-09-06,2024-09-07,0.32935325876340099,5.1075298582065112e-06,0.67064163370674068,0.0035151241133437594,0,1,0,0,0,0
2024-09-07,2024-09-08,0.25361360913476561,4.7033146357311234e-06,0.74638168755059853,0.013014134960715795,0,1,0,0,0,0
2024-09-08,2024-09-09,0.11416605783270629,2.697093698693608e-05,0.88580697123030683,0.039887862664574003,0,1,0,0,0,0
2024-09-09,2024-09-10,0.044838424519735597,7.1858042391663952e-05,0.95508971743787285,0.010261246354049902,0,1,0,0,0,0
2024-09-10,2024-09-11,0.035210200541533003,0.00042806751909490001,0.96436173193937202,-0.005140973366877799,0,1,0,0,0,0
2024-09-11,2024-09-12,0.082267195096595205,0.00012910118786149999,0.91760370371554323,0.013878933425417683,0,1,0,0,0,0
2024-09-12,2024-09-13,0.084206398203388502,0.00019540587541650001,0.91559819592119485,0.04088966104464653,0,1,0,0,0,0
2024-09-13,2024-09-14,0.018879920758772699,0.0019698568034316002,0.97915022243779559,-0.0085305957865929871,0,1,0,0,0,0
2024-09-14,2024-09-15,0.017039937089372899,0.0026885998311028999,0.98027146307952395,-0.014282761678395373,0,1,0,0,0,0
2024-09-15,2024-09-16,0.025361305224280099,0.00061761893641140004,0.97402107583930841,-0.015648012715912651,0,1,0,0,0,0
2024-09-16,2024-09-17,0.067777820647560896,9.3800520454387124e-05,0.93212837883198485,0.03600564134189721,0,1,0,0,0,0
2024-09-17,2024-09-18,0.010049109584320599,0.00073642115239489999,0.98921446926328438,0.024017934275258668,0,1,0,0,0,0
2024-09-18,2024-09-19,0.006329254785226,0.0026039621348245999,0.99106678307994922,0.019123152454110892,0,1,0,0,0,0
2024-09-19,2024-09-20,0.0021767721501346998,0.0109949696497798,0.98682825820008535,0.0041723203248880125,0,1,0,0,0,0
2024-09-20,2024-09-21,0.0019838703043219999,0.028982946680874901,0.96903318301480279,0.0023243229558933542,0,1,0,0,0,0
2024-09-21,2024-09-22,0.0011246583237500001,0.083784771694782503,0.91509056998146765,0.003545489130692081,0,1,0,0,0,0
2024-09-22,2024-09-23,0.00082853587420769997,0.1028367394538398,0.89633472467195263,-0.0037893624149988314,0,1,0,0,0,0
2024-09-23,2024-09-24,0.0012790203250074999,0.0283647413280744,0.97035623834691775,0.014605616767563889,0,1,0,0,0,0
2024-09-24,2024-09-25,0.001098971603539,0.045416937486475101,0.95348409090998565,-0.01712347953835236,0,1,0,0,0,0
2024-09-25,2024-09-26,0.0018186199603353,0.016191242237553399,0.9819901378021112,0.031971372701147027,0,1,0,0,0,0
2024-09-26,2024-09-27,0.00016648640084899999,0.1039167177573309,0.89591679584181994,0.0092150909004431458,0,1,0,0,0,0
2024-09-27,2024-09-28,5.4505102090768098e-05,0.27768837490333331,0.72225711999457587,0.0013713145920337677,0,1,0,0,0,0
2024-09-28,2024-09-29,3.864996931839799e-05,0.43826239163633479,0.5616989583943468,-0.0039382690745674021,0,1,0,0,0,0
2024-09-29,2024-09-30,2.3654893078509807e-05,0.57890832309743634,0.42106802200948512,-0.034567904998087262,0,1,0,0,0,0
2024-09-30,2024-10-01,0.0001550410759147,0.21594625147771521,0.78389870744636991,-0.039528443681006387,0,1,0,0,0,0
2024-10-01,2024-10-02,0.00040637483672749999,0.050446721495771903,0.94914690366750043,-0.003119888880670052,0,1,0,0,0,0
2024-10-02,2024-10-03,0.00066314032924829995,0.022960312070330099,0.97637654760042136,0.0017396122066362096,0,1,0,0,0,0
2024-10-03,2024-10-04,0.00024332808236580001,0.066992588319480004,0.93276408359815399,0.021889279553325647,0,1,0,0,0,0
2024-10-04,2024-10-05,6.4802886381047493e-05,0.21811853699427239,0.78181666011934636,-0.00031571656384399294,0,1,0,0,0,0
2024-10-05,2024-10-06,7.968361225361974e-05,0.21098865062568639,0.78893166576205986,0.012213710937877709,0,1,0,0,0,0
2024-10-06,2024-10-07,7.3913029971530051e-06,0.64831519037360907,0.3516774183233935,-0.009134120988102401,0,1,0,0,0,0
2024-10-07,2024-10-08,7.4190307941343533e-05,0.2112060021208107,0.78871980757124804,-0.001423393782050475,0,1,0,0,0,0
2024-10-08,2024-10-09,9.8702618158114368e-05,0.21633962738931081,0.78356166999253085,-0.024586128674163765,0,1,0,0,0,0
2024-10-09,2024-10-10,0.00053259273861380003,0.048197730625019398,0.95126967663636663,-0.0051559654817513456,0,1,0,0,0,0
2024-10-10,2024-10-11,0.00067187898092949995,0.014412875738593,0.98491524528047736,0.03619591419883883,0,1,0,0,0,0
2024-10-11,2024-10-12,9.6688367412186402e-05,0.079345870281341505,0.92055744135124595,0.011291308396560451,0,1,0,0,0,0
2024-10-12,2024-10-13,0.0001102003031688,0.1029744716432817,0.89691532805354945,-0.005287547998500064,0,1,0,0,0,0
2024-10-13,2024-10-14,0.00017648248302549999,0.061575183028127201,0.93824833448884715,0.051069731783702776,0,1,0,0,0,0
2024-10-14,2024-10-15,1.1934267036461512e-05,0.47990587582730537,0.52008218990565813,0.015069224914008084,0,1,0,0,0,0
2024-10-15,2024-10-16,3.8476514677508336e-06,0.79940065171092767,0.20059550063760451,0.0080563527263239898,0,1,0,0,0,0
2024-10-16,2024-10-17,5.2518294926031223e-07,0.94008812073465564,0.059911354082395098,-0.0029504021864033003,0,1,0,0,0,0
2024-10-17,2024-10-18,1.9747511681480364e-06,0.87379105504530485,0.12620697020352689,0.014902459862589534,0,1,0,0,0,0
2024-10-18,2024-10-19,1.517012431520778e-06,0.86834528631513452,0.131653196672434,-0.00074682380657997705,0,1,0,0,0,0
2024-10-19,2024-10-20,4.7136616927142925e-06,0.78173661918550041,0.2182586671528069,0.0096311355525653397,0,1,0,0,0,0
2024-10-20,2024-10-21,7.0465282207782256e-06,0.70798017557040227,0.29201277790137681,-0.02403575231238364,0,1,0,0,0,0
2024-10-21,2024-10-22,9.9610660252512714e-05,0.1962851222925491,0.80361526704719832,0.00083121447856870923,0,1,0,0,0,0
2024-10-22,2024-10-23,0.0001511192467351,0.1846609602957123,0.81518792045755251,-0.011324789810655433,0,1,0,0,0,0
2024-10-23,2024-10-24,0.0002407143968898,0.16322950572613021,0.83652977987697985,0.022918019851883464,0,1,0,0,0,0
2024-10-24,2024-10-25,9.5601031839109564e-05,0.3062241031461988,0.69368029582196178,-0.021919154146777808,0,1,0,0,0,0
2024-10-25,2024-10-26,0.0001985387868736,0.13051790082327869,0.86928356038984755,0.0058473569946384529,0,1,0,0,0,0
2024-10-26,2024-10-27,0.0001069004286299,0.2498186833806241,0.75007441619074577,0.013680783701115695,0,1,0,0,0,0
2024-10-27,2024-10-28,8.7945938397972215e-05,0.3096956704843663,0.6902163835772358,0.028667178396755588,0,1,0,0,0,0
2024-10-28,2024-10-29,3.5789407402244406e-05,0.40446888445924151,0.59549532613335621,0.039687452200800166,0,1,0,0,0,0
2024-10-29,2024-10-30,2.9481273220726648e-06,0.75687285602155885,0.243124195851119,-0.0052605237974765462,0,1,0,0,0,0
2024-10-30,2024-10-31,1.4997043441601501e-06,0.86774880632585705,0.13224969396979849,-0.028556500681430563,0,1,0,0,0,0
2024-10-31,2024-11-01,4.8165415686525495e-06,0.68074573416790785,0.31924944929052351,-0.011021345497696511,0,1,0,0,0,0
2024-11-01,2024-11-02,9.7999881326253779e-06,0.54055382558276888,0.45943637442909818,-0.0026098015745130709,0,1,0,0,0,0
2024-11-02,2024-11-03,1.8725020907418071e-05,0.46526394508297891,0.53471732989611365,-0.0080229871130228503,0,1,0,0,0,0
2024-11-03,2024-11-04,3.0291166519229078e-05,0.40041705620647311,0.59955265262700763,-0.013389637281589595,0,1,0,0,0,0
2024-11-04,2024-11-05,3.5733676965954022e-05,0.35752483832048931,0.64243942800254472,0.022474973765195472,0,1,0,0,0,0
2024-11-05,2024-11-06,5.4176248641508244e-06,0.66972722246134486,0.3302673599137908,0.089552669095060544,0,1,0,0,0,0
2024-11-06,2024-11-07,7.0311467677937649e-09,0.98443541432737325,0.01556457864148,0.0037348037938091938,0,1,0,0,0,0
2024-11-07,2024-11-08,1.4683794240721543e-09,0.99691820096092199,0.0030817975706983998,0.0085503093506404948,0,1,0,0,0,0
2024-11-08,2024-11-09,2.0242173052190026e-10,0.99922656481635685,0.00077343498122129999,0.0023916160136334685,0,1,0,0,0,0
2024-11-09,2024-11-10,4.975851904438305e-11,0.99975490170621162,0.00024509824403010002,0.048085861463384116,0,1,0,0,0,0
2024-11-10,2024-11-11,3.3712647950174629e-12,0.99990843553768916,9.1564458939415692e-05,0.10294507298929578,0,1,0,0,0,0
2024-11-11,2024-11-12,3.992917803004386e-15,0.99999604087077165,3.9591292245995545e-06,-0.0081521156815441698,0,1,0,0,0,0
2024-11-12,2024-11-13,2.3516299983868792e-14,0.99999154767091125,8.4523290651747177e-06,0.028210863382733598,0,1,0,0,0,0
2024-11-13,2024-11-14,1.8784776855607544e-15,0.99999709634347755,2.9036565205483789e-06,-0.034595486506632245,0,1,0,0,0,0
2024-11-14,2024-11-15,6.1391662470570873e-13,0.99995440285979842,4.559713958789552e-05,0.042986917772126487,0,1,0,0,0,0
2024-11-15,2024-11-16,1.2827075120646175e-14,0.999993856224626,6.1437753611820124e-06,-0.0055729764461016629,0,1,0,0,0,0
2024-11-16,2024-11-17,3.7312179340589137e-14,0.999992043950651,7.9560493118206805e-06,-0.0077911090346602929,0,1,0,0,0,0
2024-11-17,2024-11-18,1.7571203791766454e-13,0.99998126663337406,1.8733366450216456e-05,0.0071799335883973026,0,1,0,0,0,0
2024-11-18,2024-11-19,2.201529600899087e-14,0.99999423090619044,5.7690937875355696e-06,0.0194576182018531,0,1,0,0,0,0
2024-11-19,2024-11-20,6.9714472822624726e-15,0.99999684873927441,3.1512607187789017e-06,0.022384192404097059,0,1,0,0,0,0
2024-11-20,2024-11-21,2.5458707199721753e-16,0.99999945479076435,5.4520923513145403e-07,0.043164704747099547,0,1,0,0,0,0
2024-11-21,2024-11-22,1.549960779717983e-17,0.99999987986081218,1.2013918767901454e-07,0.0056437389770722657,0,1,0,0,0,0
2024-11-22,2024-11-23,5.025700661744071e-18,0.99999995074261017,4.9257389786566617e-08,-0.012440146892187087,0,1,0,0,0,0
2024-11-23,2024-11-24,1.1552302047565036e-16,0.99999971542681465,2.8457318514759748e-07,0.0024176296584406121,0,1,0,0,0,0
2024-11-24,2024-11-25,3.4590015621538388e-17,0.99999984928689445,1.507131055348041e-07,-0.049734926767903698,0,1,0,0,0,0
2024-11-25,2024-11-26,1.515733351731802e-13,0.99998146628020035,1.8533719647788128e-05,-0.011677934849415927,0,1,0,0,0,0
2024-11-26,2024-11-27,2.196020579315867e-12,0.99992684447046898,7.31555273349505e-05,0.04249947813380639,0,1,0,0,0,0
2024-11-27,2024-11-28,1.7822229127202266e-13,0.99997633258953955,2.3667410282014565e-05,-0.0025144285020013424,0,1,0,0,0,0
2024-11-28,2024-11-29,6.6331814460500969e-13,0.99996564744175875,3.4352557577913337e-05,0.018741080343560368,0,1,0,0,0,0
2024-11-29,2024-11-30,3.8404687224754929e-14,0.99999040437394537,9.5956260161300005e-06,-0.010594429278105055,0,1,0,0,0,0
2024-11-30,2024-12-01,5.3109905542201088e-14,0.99999039415851765,9.6058414292657954e-06,0.008253661349899355,0,1,0,0,0,0
2024-12-01,2024-12-02,3.411164014875586e-15,0.99999844663983661,1.5533601599769136e-06,-0.013938070850831208,0,1,0,0,0,0
2024-12-02,2024-12-03,1.7340863861959598e-14,0.99999626744061976,3.7325593628230558e-06,0.00054357692395967661,0,1,0,0,0,0
2024-12-03,2024-12-04,7.4366379113389782e-15,0.9999973557168792,2.6442831136075232e-06,0.028541575641797046,0,1,0,0,0,0
2024-12-04,2024-12-05,2.3506186419961988e-16,0.99999945940233781,5.4059766185884169e-07,-0.0168802807905446,0,1,0,0,0,0
2024-12-05,2024-12-06,8.2805818039814187e-15,0.99999297403831322,7.0259616784508395e-06,0.028770516485374875,0,1,0,0,0,0
2024-12-06,2024-12-07,9.8050604775775651e-16,0.99999718583998864,2.8141600104356368e-06,0.00076483023876128264,0,1,0,0,0,0
2024-12-07,2024-12-08,5.9235563502938864e-16,0.99999862164116682,1.3783588325451737e-06,0.012808878471909146,0,1,0,0,0,0
2024-12-08,2024-12-09,2.3337163011408431e-16,0.99999921447074303,7.8552925669451892e-07,-0.037149486034823487,0,1,0,0,0,0
2024-12-09,2024-12-10,5.4244977209932381e-14,0.99998716244845764,1.2837551487964835e-05,-0.0077968845329777769,0,1,0,0,0,0
2024-12-10,2024-12-11,9.0582636959829766e-13,0.99994337145287904,5.6628546214926974e-05,0.046851821371155067,0,1,0,0,0,0
2024-12-11,2024-12-12,2.4433124353019921e-14,0.99998719715803985,1.2802841935678158e-05,-0.011038682359269969,0,1,0,0,0,0
2024-12-12,2024-12-13,1.3256885820584044e-13,0.99997153219811796,2.846780174942449e-05,0.014161598001797948,0,1,0,0,0,0
2024-12-13,2024-12-14,1.0067391078234941e-13,0.99997567812250865,2.432187739073623e-05,-8.3804776280671511e-05,0,1,0,0,0,0
2024-12-14,2024-12-15,1.1454912511101318e-13,0.99997550443530225,2.4495564583150601e-05,0.02983009869085973,0,1,0,0,0,0
2024-12-15,2024-12-16,1.344006494500042e-14,0.99999075812905081,9.2418709355917953e-06,0.015459149966967622,0,1,0,0,0,0
2024-12-16,2024-12-17,2.0181601025678681e-15,0.99999721055967195,2.789440325961736e-06,0.00076656458377333259,0,1,0,0,0,0
2024-12-17,2024-12-18,5.7317582108388141e-16,0.99999851698578801,1.483014211241772e-06,-0.055974765142657312,0,1,0,0,0,0
2024-12-18,2024-12-19,1.0777596452480904e-12,0.9999123092647948,8.7690734127277302e-05,-0.027263073640339419,0,1,0,0,0,0
2024-12-19,2024-12-20,8.5116349748731855e-11,0.999070401174041,0.00092959874084249999,0.0033816886076285524,0,1,0,0,0,0
2024-12-20,2024-12-21,1.0478964067438243e-10,0.99882065638898565,0.0011793435062246,-0.0055462561237354935,0,1,0,0,0,0
2024-12-21,2024-12-22,8.3063441795477422e-10,0.99585084011939118,0.0041491590499741996,-0.021279483575364577,0,1,0,0,0,0
2024-12-22,2024-12-23,3.3512279249080225e-08,0.97189260783201237,0.028107358655708198,-0.0034848367054056695,0,1,0,0,0,0
2024-12-23,2024-12-24,3.738460857736381e-08,0.97428388573904823,0.0257160768763432,0.040231054452141812,0,1,0,0,0,0
2024-12-24,2024-12-25,2.7423895056376208e-09,0.9936345874314636,0.0063654098261468001,0.0073296232520945193,0,1,0,0,0,0
2024-12-25,2024-12-26,4.1062507014947621e-10,0.99826511623903158,0.0017348833503433999,-0.036357306927266353,0,1,0,0,0,0
2024-12-26,2024-12-27,1.3214717086949337e-08,0.98770362726442196,0.012296359520861,-0.01568005913693904,0,1,0,0,0,0
2024-12-27,2024-12-28,2.473393476986196e-07,0.93233144215598596,0.067668310504666304,0.010698386332031795,0,1,0,0,0,0
2024-12-28,2024-12-29,6.7097862684149503e-08,0.97165276146764279,0.028347171434494601,-0.016458080800130115,0,1,0,0,0,0
2024-12-29,2024-12-30,1.7587711016487627e-06,0.76941997853479616,0.23057826269410209,-0.0099929254569376402,0,1,0,0,0,0
2024-12-30,2024-12-31,1.9858259764667282e-06,0.62649136874381872,0.37350664543020479,0.0083789790450075063,0,1,0,0,0,0
2024-12-31,2025-01-01,1.478608428750702e-06,0.68084963904872642,0.31914888234284472,0.010720714172719914,0,1,0,0,0,0
2025-01-01,2025-01-02,2.3166738735099617e-07,0.90844224967469578,0.091557518657916601,0.025378541923557707,0,1,0,0,0,0
2025-01-02,2025-01-03,5.7537927536413322e-08,0.9634721777608346,0.036527764701237801,0.012453589108910812,0,1,0,0,0,0
2025-01-03,2025-01-04,2.7157755574214258e-08,0.98067660044640725,0.019323372395837299,0.00053378154684580181,0,1,0,0,0,0
2025-01-04,2025-01-05,7.7568839266976701e-09,0.991928399430685,0.0080715928124308993,0.0013011619844858213,0,1,0,0,0,0
2025-01-05,2025-01-06,3.0785273703612301e-08,0.98682077254536316,0.0131791966693631,0.039665391259785521,0,1,0,0,0,0
2025-01-06,2025-01-07,3.1996446743469944e-09,0.99537462800008725,0.0046253688002679001,-0.052019243276442584,0,1,0,0,0,0
2025-01-07,2025-01-08,2.6873815858029359e-06,0.74637839143110785,0.25361892118730622,-0.019222158716927118,0,1,0,0,0,0
2025-01-08,2025-01-09,7.9853102654691384e-06,0.54812648379016482,0.45186553089956971,-0.026579261275779364,0,1,0,0,0,0
2025-01-09,2025-01-10,5.7074908891128683e-05,0.229873001688078,0.77006992340303082,0.023603897998482948,0,1,0,0,0,0
2025-01-10,2025-01-11,3.2361201278971637e-05,0.31075293109224777,0.68921470770647297,-0.0011834369500476338,0,1,0,0,0,0
2025-01-11,2025-01-12,2.9733376722325384e-05,0.40881441222606341,0.5911558543972143,-0.00074197776180606745,0,1,0,0,0,0
2025-01-12,2025-01-13,6.6882538079246132e-05,0.25857057445390208,0.74136254300801852,-6.029079200942089e-05,0,1,0,0,0,0
2025-01-13,2025-01-14,2.3028914590416656e-05,0.51993819779337558,0.48003877329203393,0.021219407189422945,0,1,0,0,0,0
2025-01-14,2025-01-15,2.2882006130030056e-05,0.56482133641826182,0.43515578157560808,0.040994550563950849,0,1,0,0,0,0
2025-01-15,2025-01-16,3.4420916248442701e-06,0.82150271143864684,0.1784938464697283,-0.004928368016652751,0,1,0,0,0,0
2025-01-16,2025-01-17,1.4026712324083173e-05,0.6799610895549959,0.32002488373268001,0.040802163902624367,0,1,0,0,0,0
2025-01-17,2025-01-18,2.5752189031009523e-07,0.93546580100228505,0.064533941475824502,0.0043426087741833541,0,1,0,0,0,0
2025-01-18,2025-01-19,7.8702865631155907e-08,0.97486794924727216,0.025131972049861999,-0.030777648849353634,0,1,0,0,0,0
2025-01-19,2025-01-20,4.8848508386296337e-06,0.61013848376317625,0.38985663138598498,0.0086676306140476278,0,1,0,0,0,0
2025-01-20,2025-01-21,1.5282789073038632e-06,0.66885606222331107,0.33114240949778151,0.038743533367189276,0,1,0,0,0,0
2025-01-21,2025-01-22,2.0085947689310362e-08,0.9798422137870606,0.0201577661269918,-0.0232899888090492,0,1,0,0,0,0
2025-01-22,2025-01-23,8.4087106438508776e-08,0.96036062862582183,0.039639287287071702,0.0021922210391494001,0,1,0,0,0,0
2025-01-23,2025-01-24,1.0515457933359437e-07,0.95642064589330444,0.043579248952116199,0.0091442671257726538,0,1,0,0,0,0
2025-01-24,2025-01-25,3.0550630707043694e-08,0.97848204279568762,0.021517926653681699,-0.001138636097053114,0,1,0,0,0,0
2025-01-25,2025-01-26,9.5328757215975007e-09,0.99073366598801438,0.0092663244791099005,-0.020097782284049681,0,1,0,0,0,0
2025-01-26,2025-01-27,8.6123178617412354e-08,0.96730634504008961,0.032693568836731801,-0.0053206518456163643,0,1,0,0,0,0
2025-01-27,2025-01-28,4.2405550650589213e-07,0.92538207653970606,0.074617499404787194,-0.0072718937974388664,0,1,0,0,0,0
2025-01-28,2025-01-29,5.8857778647908338e-07,0.90440161206288316,0.095597799359330202,0.023411113840944076,0,1,0,0,0,0
2025-01-29,2025-01-30,6.436870195867717e-08,0.96358576669815443,0.036414168933143601,0.0096883978326680609,0,1,0,0,0,0
2025-01-30,2025-01-31,4.6279838472873642e-08,0.97060683339633735,0.029393120323824101,-0.021987665060266282,0,1,0,0,0,0
2025-01-31,2025-02-01,9.4237594800173733e-07,0.8193435238227107,0.18065553380134119,-0.017341604816049294,0,1,0,0,0,0
2025-02-01,2025-02-02,1.2150748299077672e-05,0.43144023297983192,0.56854761627186912,-0.029440227326921642,0,1,0,0,0,0
2025-02-02,2025-02-03,0.0001360637637394,0.1057756791281324,0.89408825710812811,0.037387559387377367,0,1,0,0,0,0
2025-02-03,2025-02-04,2.4959207056207445e-05,0.27898178666143358,0.72099325413151016,-0.034969423833916768,0,1,0,0,0,0
2025-02-04,2025-02-05,0.00042939057095480002,0.027438939978372601,0.97213166945067242,-0.01225133802485634,0,1,0,0,0,0
2025-02-05,2025-02-06,0.0011969818407516,0.0067480705348021003,0.99205494762444635,-0.00027434046998142669,0,1,0,0,0,0
2025-02-06,2025-02-07,0.00077328102721400005,0.0097679612901393001,0.98945875768264635,-0.00057264872298301572,0,1,0,0,0,0
2025-02-07,2025-02-08,0.00063437759864359996,0.0090986002186401998,0.99026702218271601,-0.00067969765887676559,0,1,0,0,0,0
2025-02-08,2025-02-09,0.00053245993995050002,0.024988758907960699,0.97447878115208864,0.00022084462181148901,0,1,0,0,0,0
2025-02-09,2025-02-10,0.00086457073138729995,0.026316862871666499,0.97281856639694597,0.010008375730284902,0,1,0,0,0,0
2025-02-10,2025-02-11,0.00038995331200710002,0.072287523583611193,0.92732252310438157,-0.01706784133373429,0,1,0,0,0,0
2025-02-11,2025-02-12,0.00087971936593039997,0.0280746568178648,0.97104562381620485,0.022027383872271322,0,1,0,0,0,0
2025-02-12,2025-02-13,0.00021919593483040001,0.085543165636469701,0.91423763842869976,-0.012986137290779798,0,1,0,0,0,0
2025-02-13,2025-02-14,0.00073827113785759999,0.021285521104388298,0.97797620775775396,0.0092578216378809142,0,1,0,0,0,0
2025-02-14,2025-02-15,0.00080314544225940001,0.0178631401512515,0.98133371440648876,0.00070560773542971411,0,1,0,0,0,0
2025-02-15,2025-02-16,0.00066713663477000005,0.029326005728489399,0.97000685763674044,-0.014771443856624766,0,1,0,0,0,0
2025-02-16,2025-02-17,0.0012053552574521999,0.0072372854733295001,0.99155735926921795,-0.0036491452906989297,0,1,0,0,0,0
2025-02-17,2025-02-18,0.0022537451544463001,0.0016405341645715,0.99610572068098202,-0.0014961166741316312,0,1,0,0,0,0
2025-02-18,2025-02-19,0.0024450656332585998,0.0034261371311064001,0.99412879723563485,0.010527196302724917,0,1,0,0,0,0
2025-02-19,2025-02-20,0.0019456641226681,0.0093041926694236998,0.98875014320790799,0.017233208615466067,0,1,0,0,0,0
2025-02-20,2025-02-21,0.0011565916206713999,0.018057860648272198,0.98078554773105642,-0.02191733724747047,0,1,0,0,0,0
2025-02-21,2025-02-22,0.0021146710386553001,0.0038131627226910001,0.99407216623865358,0.0041651240281377344,0,1,0,0,0,0
2025-02-22,2025-02-23,0.0025470277930387001,0.0048678700299252999,0.99258510217703577,-0.0030790390249814115,0,1,0,0,0,0
2025-02-23,2025-02-24,0.0065333510968650001,0.0024680996640092001,0.99099854923912556,-0.049349254301944367,0,1,0,0,0,0
2025-02-24,2025-02-25,0.048623776237575599,9.3595867777595022e-05,0.95128262789464657,-0.030844129233896345,0,1,0,0,0,0
2025-02-25,2025-02-26,0.16791911745146099,1.8031834953318569e-05,0.83206285071358554,-0.050439753737906767,0,1,0,0,0,0
2025-02-26,2025-02-27,0.77587853191474221,1.9330443204085682e-07,0.22412127478082569,0.0059599086598578488,0,1,0,0,0,0
2025-02-27,2025-02-28,0.59381110386244496,7.4844905329852307e-07,0.40618814768850142,-0.0039355671867660202,0,1,0,0,0,0
2025-02-28,2025-03-01,0.75202171638429161,1.9828901224322726e-07,0.24797808532669621,0.020032898323323334,0,1,0,0,0,0
2025-03-01,2025-03-02,0.66284848553409337,6.4275087069196683e-07,0.33715087171503583,0.095194001273358531,0,1,0,0,0,0
2025-03-02,2025-03-03,0.0665493294093676,5.7500248004876254e-05,0.93339317034262737,-0.085454744120570636,0,1,0,0,0,0
2025-03-03,2025-03-04,0.86279398924534301,1.8743243160552438e-07,0.1372058233222252,0.012256161429630374,0,1,0,0,0,0
2025-03-04,2025-03-05,0.64844631674332598,1.8045631643290624e-06,0.35155187869350951,0.03833553158550318,0,1,0,0,0,0
2025-03-05,2025-03-06,0.60158895617032226,5.0767884258560929e-06,0.39840596704125181,-0.0075133785151365595,0,1,0,0,0,0
2025-03-06,2025-03-07,0.5413865268493645,4.9753469202478812e-06,0.45860849780371532,-0.037803469107948406,0,1,0,0,0,0
2025-03-07,2025-03-08,0.74885899995249283,5.2530225010262914e-07,0.25114047474525703,-0.0035744332680004431,0,1,0,0,0,0
2025-03-08,2025-03-09,0.65223553742418816,9.3311386507110472e-07,0.34776352946194672,-0.064140317019225845,0,1,0,0,0,0
2025-03-09,2025-03-10,0.92745647974311363,2.1589599016404657e-08,0.072543498667287307,-0.026219581716064755,0,1,0,0,0,0
2025-03-10,2025-03-11,0.97642651962106797,2.2639282373684184e-09,0.023573478115003599,0.055299398416053913,0,1,0,0,0,0
2025-03-11,2025-03-12,0.9034266978729486,5.1827097386196082e-08,0.096573250299953894,0.0089627368667322127,0,1,0,0,0,0
2025-03-12,2025-03-13,0.92532560898256144,1.2721155531191842e-07,0.074674263805883406,-0.030647480466579058,0,1,0,0,0,0
2025-03-13,2025-03-14,0.96536064143954226,1.6780197089649188e-08,0.034639341780260603,0.035473402038466162,0,1,0,0,0,0
2025-03-14,2025-03-15,0.91901337198128796,9.1661651635156333e-08,0.080986536357060199,0.0043368966063366265,0,1,0,0,0,0
2025-03-15,2025-03-16,0.90028425548977653,3.868476948790726e-07,0.099715357662528301,-0.020901978034486124,0,1,0,0,0,0
2025-03-16,2025-03-17,0.97355893743852484,1.0480102651856196e-08,0.0264410520813727,0.017446450887883547,0,1,0,0,0,0
2025-03-17,2025-03-18,0.96060329783851561,2.7931032435069114e-08,0.039396674230451803,-0.015472672285230415,0,1,0,0,0,0
2025-03-18,2025-03-19,0.96826506516007005,1.2256984446945089e-08,0.031734922582945302,0.049830087609753937,0,1,0,0,0,0
2025-03-19,2025-03-20,0.74880425371963744,5.0990639368601504e-07,0.25119523637396879,-0.030318628297693384,0,1,0,0,0,0
2025-03-20,2025-03-21,0.85291693671419322,9.7303605813831048e-08,0.14708296598220089,-0.0016007961229382861,0,1,0,0,0,0
2025-03-21,2025-03-22,0.89073288931417094,7.7314596848626062e-08,0.109267033371232,-0.0027690122785711813,0,1,0,0,0,0
2025-03-22,2025-03-23,0.94491910756710362,2.4561666360106321e-08,0.055080867871230003,0.026680422945950966,0,1,0,0,0,0
2025-03-23,2025-03-24,0.82988108864485577,6.5381732339178105e-07,0.17011825753782059,0.016410811664850478,0,1,0,0,0,0
2025-03-24,2025-03-25,0.75033873620536695,1.6956404252319021e-06,0.2496595681542077,-0.00098296948222653668,0,1,0,0,0,0
2025-03-25,2025-03-26,0.72155875374873213,2.9207281246728637e-06,0.27843832552314313,-0.005629032996201544,0,1,0,0,0,0
2025-03-26,2025-03-27,0.64411879213819401,4.7561382813760449e-06,0.35587645172352472,0.0036381627393224925,0,1,0,0,0,0
2025-03-27,2025-03-28,0.44150464349033153,3.6728675575608969e-05,0.55845862783409284,-0.032303773321013196,0,1,0,0,0,0
2025-03-28,2025-03-29,0.54294669945348395,6.4438948984899799e-06,0.45704685665161737,-0.020906191654108897,0,1,0,0,0,0
2025-03-29,2025-03-30,0.77109570097340474,9.6735756189278177e-07,0.22890333166903329,-0.0033165669841260792,0,1,0,0,0,0
2025-03-30,2025-03-31,0.78567729423949961,9.7774935384221223e-07,0.21432172801114649,0.002151226879167023,0,1,0,0,0,0
2025-03-31,2025-04-01,0.76030980904040246,9.709028917792755e-07,0.23968922005670551,0.031683077161630324,0,1,0,0,0,0
2025-04-01,2025-04-02,0.51649279008276106,6.4738850147635596e-06,0.4835007360322241,-0.030989547251074945,0,1,0,0,0,0
2025-04-02,2025-04-03,0.40268263550709638,2.8032172255481106e-06,0.59731456127567795,0.0076873674644046819,0,1,0,0,0,0
2025-04-03,2025-04-04,0.37515330197041757,9.8449582867613982e-06,0.62483685307129544,0.0085053523714697654,0,1,0,0,0,0
2025-04-04,2025-04-05,0.47171661530157788,7.9296267471677769e-06,0.52827545507167495,-0.0037511908779049863,0,1,0,0,0,0
2025-04-05,2025-04-06,0.4720933369560476,1.0921970959495729e-05,0.52789574107299286,-0.061767448095260358,0,1,0,0,0,0
2025-04-06,2025-04-07,0.83195874765097788,1.9452853003858537e-07,0.16804105782049189,0.0098378263914489228,0,1,0,0,0,0
2025-04-07,2025-04-08,0.66740686685315731,4.4081959478327276e-07,0.33259269232724797,-0.036001894836570347,0,1,0,0,0,0
2025-04-08,2025-04-09,0.81025100102187697,1.139996574127118e-07,0.1897488849784654,0.082483210483210501,0,1,0,0,0,0
2025-04-09,2025-04-10,0.1506937847553218,9.3703297123185048e-06,0.84929684491496593,-0.036310482162528634,0,1,0,0,0,0
2025-04-10,2025-04-11,0.59334093883975425,1.2279532902929166e-06,0.40665783320695542,0.047804541029425662,0,1,0,0,0,0
2025-04-11,2025-04-12,0.2372231972628929,1.2558012020434895e-05,0.76276424472508664,0.022533630808589944,0,1,0,0,0,0
2025-04-12,2025-04-13,0.1222395520763068,0.0001225610368259,0.87763788688686706,-0.018270027798393151,0,1,0,0,0,0
2025-04-13,2025-04-14,0.31358674363245431,2.5113443497462176e-05,0.68638814292404815,0.010175029617457199,0,1,0,0,0,0
2025-04-14,2025-04-15,0.2512943423525103,4.1386066004150265e-05,0.74866427158148552,-0.011105804242762307,0,1,0,0,0,0
2025-04-15,2025-04-16,0.27498687424680152,1.888547744216174e-05,0.72499424027575632,0.004605066529582702,0,1,0,0,0,0
2025-04-16,2025-04-17,0.2160623025394349,3.5322504492442279e-05,0.78390237495607251,0.010803001706488846,0,1,0,0,0,0
2025-04-17,2025-04-18,0.069377706660918595,0.0001733305366192,0.93044896280246203,-0.0054791617612431898,0,1,0,0,0,0
2025-04-18,2025-04-19,0.1159746956038009,5.0570666599338837e-05,0.88397473372959956,0.0070257805304789755,0,1,0,0,0,0
2025-04-19,2025-04-20,0.0473353630586189,0.0002251369913907,0.95243949994999044,0.0013036614194978924,0,1,0,0,0,0
2025-04-20,2025-04-21,0.038685257776886098,0.0009986246182555,0.96031611760485824,0.027436339942943588,0,1,0,0,0,0
2025-04-21,2025-04-22,0.0079457302250264001,0.0034352893997061,0.98861898037526741,0.067712189771013342,0,1,0,0,0,0
2025-04-22,2025-04-23,0.0011002045760959999,0.0304156665921957,0.96848412883170798,0.0027375299517669038,0,1,0,0,0,0
2025-04-23,2025-04-24,0.0020313091182198001,0.0278293049425959,0.97013938593918436,0.003016082571930756,0,1,0,0,0,0
2025-04-24,2025-04-25,0.00082091142924170003,0.14638073141479349,0.85279835715596475,0.007412191704005977,0,1,0,0,0,0
2025-04-25,2025-04-26,0.00032077364108969999,0.19877277427879139,0.80090645208011868,-0.00048058185259547415,0,1,0,0,0,0
2025-04-26,2025-04-27,0.00046198716607800001,0.12861674228465869,0.87092127054926316,-0.0093932880629473692,0,1,0,0,0,0
2025-04-27,2025-04-28,0.00033092440070729999,0.15734892001271661,0.84232015558657591,0.013361068885510807,0,1,0,0,0,0
2025-04-28,2025-04-29,8.7473570802413454e-05,0.36962078200888632,0.63029174442031122,-0.0076340860045265302,0,1,0,0,0,0
2025-04-29,2025-04-30,4.8832033985899797e-05,0.56272256914451457,0.43722859882149928,-0.00090591048246635442,0,1,0,0,0,0
2025-04-30,2025-05-01,0.0001028592202403,0.40749879492945212,0.59239834585030737,0.024578380283783785,0,1,0,0,0,0
2025-05-01,2025-05-02,5.2692741697624992e-05,0.52505221070270736,0.47489509655559498,0.0040943302179392571,0,1,0,0,0,0
2025-05-02,2025-05-03,4.8688639894059234e-06,0.8609187118803262,0.1390764192556844,-0.010409270298386564,0,1,0,0,0,0
2025-05-03,2025-05-04,3.3243877151334063e-05,0.63240252880617798,0.36756422731667049,-0.016362172501037775,0,1,0,0,0,0
2025-05-04,2025-05-05,0.00024083502129810001,0.27076930244487668,0.72898986253382514,0.004541073763026704,0,1,0,0,0,0
2025-05-05,2025-05-06,6.4343521300778847e-05,0.53285778093442315,0.46707787554427599,0.021955729683403424,0,1,0,0,0,0
2025-05-06,2025-05-07,1.4403913862887062e-06,0.88748876096403995,0.11250979864457369,0.0021657540273525289,0,1,0,0,0,0
2025-05-07,2025-05-08,2.7319810940850829e-06,0.84259196397274205,0.15740530404616371,0.064298382750159533,0,1,0,0,0,0
2025-05-08,2025-05-09,1.2067153762742311e-09,0.99588891523286915,0.0041110835604152999,-0.0028971389784292478,0,1,0,0,0,0
2025-05-09,2025-05-10,7.1954352564638638e-09,0.99050820532397466,0.0094917874805901005,0.017702337749611274,0,1,0,0,0,0
2025-05-10,2025-05-11,1.1340937205502819e-10,0.99920932780107896,0.00079067208551140001,-0.0064772228477643079,0,1,0,0,0,0
2025-05-11,2025-05-12,6.55757282153071e-10,0.99812813761778796,0.0018718617264546001,-0.012718115390821239,0,1,0,0,0,0
2025-05-12,2025-05-13,3.6349943477268852e-09,0.99389742475666176,0.0061025716083438,0.012881949511162949,0,1,0,0,0,0
2025-05-13,2025-05-14,4.4206242042806405e-10,0.9982481579114042,0.0017518416465333001,-0.005813529108944393,0,1,0,0,0,0
2025-05-14,2025-05-15,4.9066935814616678e-09,0.99319129899017122,0.0068086961031352004,0.0024296253933047129,0,1,0,0,0,0
2025-05-15,2025-05-16,3.1781642570393436e-10,0.99846045452074184,0.0015395451614417001,-0.0027456165542656397,0,1,0,0,0,0
2025-05-16,2025-05-17,2.6084039437725284e-09,0.99429107213849444,0.0057089252531015997,-0.0035552592034246988,0,1,0,0,0,0
2025-05-17,2025-05-18,6.0579630618121517e-09,0.99234274596540717,0.0076572479766296997,0.032895106902551152,0,1,0,0,0,0
2025-05-18,2025-05-19,1.7670591711803042e-10,0.99906782974668684,0.00093217007660709996,-0.0086259266040401572,0,1,0,0,0,0
2025-05-19,2025-05-20,2.1387648739983398e-09,0.99632256222665605,0.0036774356345790002,0.011649293749727674,0,1,0,0,0,0
2025-05-20,2025-05-21,1.0147655671346942e-09,0.99746733469576876,0.0025326642894655002,0.026440844893732995,0,1,0,0,0,0
2025-05-21,2025-05-22,4.8006854665935006e-10,0.99814160551461595,0.0018583940053152001,0.018812460039711709,0,1,0,0,0,0
2025-05-22,2025-05-23,2.9173910907985885e-10,0.99843522089898684,0.0015647788092740999,-0.039294484376832473,0,1,0,0,0,0
2025-05-23,2025-05-24,2.1541230335987249e-07,0.93497532766050195,0.065024456927194496,0.0041895979439661168,0,1,0,0,0,0
2025-05-24,2025-05-25,4.0210437421531458e-07,0.90039447826436925,0.0996051196312564,0.011674693540454584,0,1,0,0,0,0
2025-05-25,2025-05-26,1.1742809580599657e-07,0.96046882638447717,0.039531056187426701,0.0039827152725482318,0,1,0,0,0,0
2025-05-26,2025-05-27,4.6081481109287743e-08,0.97553204191160403,0.0244679120069148,-0.004671313312375025,0,1,0,0,0,0
2025-05-27,2025-05-28,5.5199256898509938e-08,0.96792567046772759,0.0320742743330154,-0.010622888823615839,0,1,0,0,0,0
